id,pillar,title,params
1,min_trap,"The minimum payment trap on $16,250 of credit card debt","{""balance"":16250,""apr"":15,""min_pct"":1,""min_floor"":25}"
2,extra_payment,"$13,000 credit card debt at 17% APR? Do this","{""balance"":13000,""apr"":17,""payment"":470,""extra"":400}"
3,snowball_vs_avalanche,I ran the math on 5 debts. Snowball vs Avalanche,"{""debts"":[{""name"":""Card A"",""balance"":7800,""apr"":12,""min"":195},{""name"":""Card D"",""balance"":8600,""apr"":29,""min"":215},{""name"":""Personal loan"",""balance"":6600,""apr"":26,""min"":165},{""name"":""Card C"",""balance"":9000,""apr"":12,""min"":225},{""name"":""Store card"",""balance"":11500,""apr"":17,""min"":290}],""budget"":1590}"
4,utilization,"How much to pay to get under 30% utilization on a $4,000 card","{""balance"":2100,""limit"":4000}"
5,min_trap,"The minimum payment trap on $6,250 of credit card debt","{""balance"":6250,""apr"":27,""min_pct"":1,""min_floor"":25}"
6,extra_payment,"The $75 trick that saves months on $6,000 of debt","{""balance"":6000,""apr"":21,""payment"":160,""extra"":75}"
7,snowball_vs_avalanche,"Debt Snowball vs Avalanche: the real numbers on $24,200","{""debts"":[{""name"":""Card A"",""balance"":1600,""apr"":21,""min"":40},{""name"":""Card C"",""balance"":12500,""apr"":23,""min"":310},{""name"":""Card D"",""balance"":8900,""apr"":14,""min"":220},{""name"":""Card B"",""balance"":1200,""apr"":19,""min"":30}],""budget"":1200}"
8,utilization,"How much to pay to get under 30% utilization on a $1,500 card","{""balance"":1350,""limit"":1500}"
9,min_trap,"The minimum payment trap on $21,750 of credit card debt","{""balance"":21750,""apr"":21,""min_pct"":1,""min_floor"":25}"
10,extra_payment,"How $200 extra per month kills $23,250 of debt faster","{""balance"":23250,""apr"":28,""payment"":710,""extra"":200}"
11,snowball_vs_avalanche,"Smallest balance first or highest APR first? $20,400 test","{""debts"":[{""name"":""Card D"",""balance"":9300,""apr"":17,""min"":230},{""name"":""Store card"",""balance"":8200,""apr"":19,""min"":205},{""name"":""Card A"",""balance"":2900,""apr"":24,""min"":70}],""budget"":705}"
12,utilization,78% credit utilization? Here is the fix,"{""balance"":1950,""limit"":2500}"
13,min_trap,"Paying only the minimum on $21,250 takes HOW long?","{""balance"":21250,""apr"":27,""min_pct"":1,""min_floor"":25}"
14,extra_payment,"How $250 extra per month kills $12,250 of debt faster","{""balance"":12250,""apr"":15,""payment"":450,""extra"":250}"
15,snowball_vs_avalanche,I ran the math on 2 debts. Snowball vs Avalanche,"{""debts"":[{""name"":""Card B"",""balance"":13200,""apr"":22,""min"":330},{""name"":""Personal loan"",""balance"":3600,""apr"":27,""min"":90}],""budget"":720}"
16,utilization,"How much to pay to get under 30% utilization on a $2,000 card","{""balance"":1000,""limit"":2000}"
17,min_trap,"What the minimum payment really costs on $7,000","{""balance"":7000,""apr"":23,""min_pct"":1,""min_floor"":25}"
18,extra_payment,"$13,750 at 24%: paying $430 vs $655 a month","{""balance"":13750,""apr"":24,""payment"":430,""extra"":225}"
19,snowball_vs_avalanche,"Smallest balance first or highest APR first? $35,300 test","{""debts"":[{""name"":""Card B"",""balance"":11500,""apr"":15,""min"":290},{""name"":""Card D"",""balance"":2700,""apr"":17,""min"":70},{""name"":""Card C"",""balance"":12000,""apr"":25,""min"":300},{""name"":""Card A"",""balance"":9100,""apr"":24,""min"":230}],""budget"":1190}"
20,utilization,68% credit utilization? Here is the fix,"{""balance"":5100,""limit"":7500}"
21,min_trap,"Paying only the minimum on $24,250 takes HOW long?","{""balance"":24250,""apr"":28,""min_pct"":1,""min_floor"":25}"
22,extra_payment,"How $400 extra per month kills $34,250 of debt faster","{""balance"":34250,""apr"":16,""payment"":1210,""extra"":400}"
23,snowball_vs_avalanche,"Smallest balance first or highest APR first? $42,700 test","{""debts"":[{""name"":""Card A"",""balance"":7100,""apr"":20,""min"":180},{""name"":""Store card"",""balance"":14600,""apr"":17,""min"":365},{""name"":""Card C"",""balance"":7900,""apr"":15,""min"":200},{""name"":""Card D"",""balance"":13100,""apr"":21,""min"":330}],""budget"":1675}"
24,utilization,"How much to pay to get under 30% utilization on a $12,000 card","{""balance"":5650,""limit"":12000}"
25,min_trap,"What the minimum payment really costs on $10,000","{""balance"":10000,""apr"":17,""min_pct"":1,""min_floor"":25}"
26,extra_payment,"How $200 extra per month kills $30,250 of debt faster","{""balance"":30250,""apr"":22,""payment"":770,""extra"":200}"
27,snowball_vs_avalanche,I ran the math on 3 debts. Snowball vs Avalanche,"{""debts"":[{""name"":""Card A"",""balance"":1700,""apr"":27,""min"":40},{""name"":""Card B"",""balance"":12300,""apr"":29,""min"":310},{""name"":""Card D"",""balance"":11600,""apr"":16,""min"":290}],""budget"":1140}"
28,utilization,45% credit utilization? Here is the fix,"{""balance"":4500,""limit"":10000}"
29,min_trap,"Why your $13,750 card balance never goes down","{""balance"":13750,""apr"":24,""min_pct"":1,""min_floor"":25}"
30,extra_payment,"How $100 extra per month kills $48,250 of debt faster","{""balance"":48250,""apr"":29,""payment"":1600,""extra"":100}"
31,snowball_vs_avalanche,"Snowball vs Avalanche on $23,200. Which wins?","{""debts"":[{""name"":""Card D"",""balance"":2300,""apr"":19,""min"":60},{""name"":""Store card"",""balance"":1400,""apr"":12,""min"":35},{""name"":""Card C"",""balance"":9000,""apr"":19,""min"":225},{""name"":""Personal loan"",""balance"":9000,""apr"":12,""min"":225},{""name"":""Card B"",""balance"":1500,""apr"":13,""min"":40}],""budget"":735}"
32,utilization,90% credit utilization? Here is the fix,"{""balance"":900,""limit"":1000}"
33,min_trap,"The minimum payment trap on $2,750 of credit card debt","{""balance"":2750,""apr"":18,""min_pct"":1,""min_floor"":25}"
34,extra_payment,"The $500 trick that saves months on $33,750 of debt","{""balance"":33750,""apr"":18,""payment"":1120,""extra"":500}"
35,snowball_vs_avalanche,"Snowball vs Avalanche on $26,500. Which wins?","{""debts"":[{""name"":""Card B"",""balance"":1900,""apr"":25,""min"":50},{""name"":""Card C"",""balance"":5600,""apr"":25,""min"":140},{""name"":""Personal loan"",""balance"":7300,""apr"":13,""min"":180},{""name"":""Card A"",""balance"":10300,""apr"":15,""min"":260},{""name"":""Store card"",""balance"":1400,""apr"":22,""min"":35}],""budget"":1265}"
36,utilization,"How much to pay to get under 30% utilization on a $2,500 card","{""balance"":1200,""limit"":2500}"
37,min_trap,"$5,500 at 22% APR, minimum payments only. Brutal math","{""balance"":5500,""apr"":22,""min_pct"":1,""min_floor"":25}"
38,extra_payment,"$43,750 credit card debt at 16% APR? Do this","{""balance"":43750,""apr"":16,""payment"":1380,""extra"":400}"
39,snowball_vs_avalanche,"Snowball vs Avalanche on $27,700. Which wins?","{""debts"":[{""name"":""Card C"",""balance"":6000,""apr"":24,""min"":150},{""name"":""Card B"",""balance"":4300,""apr"":26,""min"":110},{""name"":""Card D"",""balance"":4600,""apr"":29,""min"":115},{""name"":""Card A"",""balance"":10100,""apr"":27,""min"":250},{""name"":""Store card"",""balance"":2700,""apr"":21,""min"":70}],""budget"":845}"
40,utilization,"Pay this much before your statement closes ($9,850 on $12,000)","{""balance"":9850,""limit"":12000}"
41,min_trap,"Paying only the minimum on $2,500 takes HOW long?","{""balance"":2500,""apr"":20,""min_pct"":1,""min_floor"":25}"
42,extra_payment,"Add $50 a month to a $3,500 balance. Watch what happens","{""balance"":3500,""apr"":22,""payment"":110,""extra"":50}"
43,snowball_vs_avalanche,"Snowball vs Avalanche on $21,900. Which wins?","{""debts"":[{""name"":""Personal loan"",""balance"":12800,""apr"":14,""min"":320},{""name"":""Card A"",""balance"":9100,""apr"":19,""min"":230}],""budget"":850}"
44,utilization,"Pay this much before your statement closes ($6,000 on $12,000)","{""balance"":6000,""limit"":12000}"
45,min_trap,"Paying only the minimum on $15,250 takes HOW long?","{""balance"":15250,""apr"":24,""min_pct"":1,""min_floor"":25}"
46,extra_payment,"How $200 extra per month kills $21,500 of debt faster","{""balance"":21500,""apr"":24,""payment"":720,""extra"":200}"
47,snowball_vs_avalanche,"2 debts, $6,000 total. Snowball or Avalanche?","{""debts"":[{""name"":""Card A"",""balance"":3600,""apr"":20,""min"":90},{""name"":""Personal loan"",""balance"":2400,""apr"":23,""min"":60}],""budget"":250}"
48,utilization,"Pay this much before your statement closes ($6,600 on $7,500)","{""balance"":6600,""limit"":7500}"
49,min_trap,"What the minimum payment really costs on $18,000","{""balance"":18000,""apr"":24,""min_pct"":1,""min_floor"":25}"
50,extra_payment,"Add $50 a month to a $1,500 balance. Watch what happens","{""balance"":1500,""apr"":28,""payment"":50,""extra"":50}"
51,snowball_vs_avalanche,"Snowball vs Avalanche on $33,800. Which wins?","{""debts"":[{""name"":""Card A"",""balance"":4600,""apr"":18,""min"":115},{""name"":""Card D"",""balance"":10900,""apr"":18,""min"":270},{""name"":""Card B"",""balance"":10500,""apr"":20,""min"":260},{""name"":""Card C"",""balance"":7800,""apr"":20,""min"":195}],""budget"":1440}"
52,utilization,"The credit utilization math on a $1,500 limit","{""balance"":1100,""limit"":1500}"
53,min_trap,"Paying only the minimum on $21,000 takes HOW long?","{""balance"":21000,""apr"":15,""min_pct"":1,""min_floor"":25}"
54,extra_payment,"Add $150 a month to a $17,250 balance. Watch what happens","{""balance"":17250,""apr"":17,""payment"":600,""extra"":150}"
55,snowball_vs_avalanche,"5 debts, $43,200 total. Snowball or Avalanche?","{""debts"":[{""name"":""Personal loan"",""balance"":14200,""apr"":16,""min"":355},{""name"":""Card C"",""balance"":8400,""apr"":23,""min"":210},{""name"":""Card A"",""balance"":8900,""apr"":16,""min"":220},{""name"":""Card D"",""balance"":6700,""apr"":13,""min"":170},{""name"":""Store card"",""balance"":5000,""apr"":13,""min"":125}],""budget"":1280}"
56,utilization,"Your $7,500 balance on a $15,000 limit is hurting your score","{""balance"":7500,""limit"":15000}"
57,min_trap,"Why your $9,500 card balance never goes down","{""balance"":9500,""apr"":23,""min_pct"":1,""min_floor"":25}"
58,extra_payment,"Add $100 a month to a $48,750 balance. Watch what happens","{""balance"":48750,""apr"":26,""payment"":1330,""extra"":100}"
59,snowball_vs_avalanche,"3 debts, $35,100 total. Snowball or Avalanche?","{""debts"":[{""name"":""Card C"",""balance"":11200,""apr"":22,""min"":280},{""name"":""Card A"",""balance"":11800,""apr"":25,""min"":295},{""name"":""Card B"",""balance"":12100,""apr"":19,""min"":300}],""budget"":1075}"
60,utilization,"The credit utilization math on a $20,000 limit","{""balance"":8200,""limit"":20000}"
61,min_trap,"Why your $22,000 card balance never goes down","{""balance"":22000,""apr"":28,""min_pct"":1,""min_floor"":25}"
62,extra_payment,"How $200 extra per month kills $12,000 of debt faster","{""balance"":12000,""apr"":28,""payment"":470,""extra"":200}"
63,snowball_vs_avalanche,"Smallest balance first or highest APR first? $24,900 test","{""debts"":[{""name"":""Card B"",""balance"":6300,""apr"":20,""min"":160},{""name"":""Card A"",""balance"":13000,""apr"":20,""min"":325},{""name"":""Card D"",""balance"":5600,""apr"":28,""min"":140}],""budget"":925}"
64,utilization,"Your $3,800 balance on a $4,000 limit is hurting your score","{""balance"":3800,""limit"":4000}"
65,min_trap,"$3,750 at 19% APR, minimum payments only. Brutal math","{""balance"":3750,""apr"":19,""min_pct"":1,""min_floor"":25}"
66,extra_payment,"$29,500 at 19%: paying $750 vs $1,250 a month","{""balance"":29500,""apr"":19,""payment"":750,""extra"":500}"
67,snowball_vs_avalanche,"4 debts, $25,600 total. Snowball or Avalanche?","{""debts"":[{""name"":""Card D"",""balance"":14800,""apr"":15,""min"":370},{""name"":""Store card"",""balance"":6100,""apr"":18,""min"":150},{""name"":""Card C"",""balance"":4200,""apr"":25,""min"":105},{""name"":""Personal loan"",""balance"":500,""apr"":29,""min"":25}],""budget"":1150}"
68,utilization,"Your $2,500 balance on a $4,000 limit is hurting your score","{""balance"":2500,""limit"":4000}"
69,min_trap,"The minimum payment trap on $23,750 of credit card debt","{""balance"":23750,""apr"":29,""min_pct"":1,""min_floor"":25}"
70,extra_payment,"The $150 trick that saves months on $31,500 of debt","{""balance"":31500,""apr"":25,""payment"":1190,""extra"":150}"
71,snowball_vs_avalanche,"Smallest balance first or highest APR first? $33,300 test","{""debts"":[{""name"":""Card D"",""balance"":10600,""apr"":29,""min"":265},{""name"":""Card C"",""balance"":2300,""apr"":25,""min"":60},{""name"":""Store card"",""balance"":10100,""apr"":24,""min"":250},{""name"":""Card B"",""balance"":10300,""apr"":17,""min"":260}],""budget"":1235}"
72,utilization,"Pay this much before your statement closes ($1,800 on $3,000)","{""balance"":1800,""limit"":3000}"
73,min_trap,"The minimum payment trap on $21,000 of credit card debt","{""balance"":21000,""apr"":19,""min_pct"":1,""min_floor"":25}"
74,extra_payment,"$11,250 at 27%: paying $380 vs $580 a month","{""balance"":11250,""apr"":27,""payment"":380,""extra"":200}"
75,snowball_vs_avalanche,"Snowball vs Avalanche on $42,500. Which wins?","{""debts"":[{""name"":""Card C"",""balance"":10100,""apr"":21,""min"":250},{""name"":""Card B"",""balance"":8000,""apr"":22,""min"":200},{""name"":""Card D"",""balance"":1900,""apr"":19,""min"":50},{""name"":""Store card"",""balance"":10300,""apr"":19,""min"":260},{""name"":""Card A"",""balance"":12200,""apr"":16,""min"":305}],""budget"":1165}"
76,utilization,"Pay this much before your statement closes ($1,600 on $2,500)","{""balance"":1600,""limit"":2500}"
77,min_trap,"Why your $21,500 card balance never goes down","{""balance"":21500,""apr"":16,""min_pct"":1,""min_floor"":25}"
78,extra_payment,"$21,250 at 25%: paying $710 vs $960 a month","{""balance"":21250,""apr"":25,""payment"":710,""extra"":250}"
79,snowball_vs_avalanche,"Debt Snowball vs Avalanche: the real numbers on $32,300","{""debts"":[{""name"":""Card B"",""balance"":3700,""apr"":28,""min"":90},{""name"":""Card D"",""balance"":7200,""apr"":29,""min"":180},{""name"":""Card A"",""balance"":4100,""apr"":15,""min"":100},{""name"":""Card C"",""balance"":7100,""apr"":26,""min"":180},{""name"":""Personal loan"",""balance"":10200,""apr"":29,""min"":255}],""budget"":1205}"
80,utilization,"Pay this much before your statement closes ($5,550 on $7,500)","{""balance"":5550,""limit"":7500}"
81,min_trap,"What the minimum payment really costs on $11,250","{""balance"":11250,""apr"":29,""min_pct"":1,""min_floor"":25}"
82,extra_payment,"$22,750 at 17%: paying $820 vs $1,120 a month","{""balance"":22750,""apr"":17,""payment"":820,""extra"":300}"
83,snowball_vs_avalanche,"4 debts, $14,600 total. Snowball or Avalanche?","{""debts"":[{""name"":""Card B"",""balance"":4000,""apr"":26,""min"":100},{""name"":""Store card"",""balance"":1600,""apr"":21,""min"":40},{""name"":""Card C"",""balance"":3900,""apr"":22,""min"":100},{""name"":""Personal loan"",""balance"":5100,""apr"":29,""min"":130}],""budget"":470}"
84,utilization,"The credit utilization math on a $2,000 limit","{""balance"":1000,""limit"":2000}"
85,min_trap,"$17,750 at 26% APR, minimum payments only. Brutal math","{""balance"":17750,""apr"":26,""min_pct"":1,""min_floor"":25}"
86,extra_payment,"$4,250 at 21%: paying $130 vs $205 a month","{""balance"":4250,""apr"":21,""payment"":130,""extra"":75}"
87,snowball_vs_avalanche,"Snowball vs Avalanche on $19,000. Which wins?","{""debts"":[{""name"":""Card B"",""balance"":6100,""apr"":12,""min"":150},{""name"":""Card C"",""balance"":12900,""apr"":24,""min"":320}],""budget"":770}"
88,utilization,"The credit utilization math on a $4,000 limit","{""balance"":2150,""limit"":4000}"
89,min_trap,"What the minimum payment really costs on $14,000","{""balance"":14000,""apr"":26,""min_pct"":1,""min_floor"":25}"
90,extra_payment,"How $100 extra per month kills $40,250 of debt faster","{""balance"":40250,""apr"":29,""payment"":1140,""extra"":100}"
91,snowball_vs_avalanche,"Snowball vs Avalanche on $14,900. Which wins?","{""debts"":[{""name"":""Card A"",""balance"":5200,""apr"":26,""min"":130},{""name"":""Store card"",""balance"":5200,""apr"":24,""min"":130},{""name"":""Card C"",""balance"":4500,""apr"":25,""min"":110}],""budget"":570}"
92,utilization,"Pay this much before your statement closes ($2,700 on $7,500)","{""balance"":2700,""limit"":7500}"
93,min_trap,"$2,250 at 20% APR, minimum payments only. Brutal math","{""balance"":2250,""apr"":20,""min_pct"":1,""min_floor"":25}"
94,extra_payment,"The $50 trick that saves months on $31,500 of debt","{""balance"":31500,""apr"":18,""payment"":850,""extra"":50}"
95,snowball_vs_avalanche,"Snowball vs Avalanche on $29,200. Which wins?","{""debts"":[{""name"":""Card C"",""balance"":2900,""apr"":15,""min"":70},{""name"":""Store card"",""balance"":11800,""apr"":17,""min"":295},{""name"":""Personal loan"",""balance"":14500,""apr"":15,""min"":360}],""budget"":1125}"
96,utilization,"The credit utilization math on a $3,000 limit","{""balance"":2150,""limit"":3000}"
97,min_trap,"$10,500 at 26% APR, minimum payments only. Brutal math","{""balance"":10500,""apr"":26,""min_pct"":1,""min_floor"":25}"
98,extra_payment,"$4,750 credit card debt at 26% APR? Do this","{""balance"":4750,""apr"":26,""payment"":180,""extra"":100}"
99,snowball_vs_avalanche,I ran the math on 4 debts. Snowball vs Avalanche,"{""debts"":[{""name"":""Card D"",""balance"":11800,""apr"":23,""min"":295},{""name"":""Personal loan"",""balance"":8200,""apr"":23,""min"":205},{""name"":""Card A"",""balance"":1500,""apr"":22,""min"":40},{""name"":""Store card"",""balance"":700,""apr"":25,""min"":25}],""budget"":1165}"
100,utilization,63% credit utilization? Here is the fix,"{""balance"":950,""limit"":1500}"
101,min_trap,"Why your $16,250 card balance never goes down","{""balance"":16250,""apr"":28,""min_pct"":1,""min_floor"":25}"
102,extra_payment,"How $400 extra per month kills $35,750 of debt faster","{""balance"":35750,""apr"":21,""payment"":990,""extra"":400}"
103,snowball_vs_avalanche,"Debt Snowball vs Avalanche: the real numbers on $35,200","{""debts"":[{""name"":""Card C"",""balance"":12500,""apr"":14,""min"":310},{""name"":""Card D"",""balance"":4500,""apr"":26,""min"":110},{""name"":""Store card"",""balance"":4000,""apr"":26,""min"":100},{""name"":""Card B"",""balance"":8800,""apr"":24,""min"":220},{""name"":""Card A"",""balance"":5400,""apr"":27,""min"":135}],""budget"":1475}"
104,utilization,86% credit utilization? Here is the fix,"{""balance"":3450,""limit"":4000}"
105,min_trap,"What the minimum payment really costs on $9,250","{""balance"":9250,""apr"":29,""min_pct"":1,""min_floor"":25}"
106,extra_payment,"Add $400 a month to a $35,250 balance. Watch what happens","{""balance"":35250,""apr"":19,""payment"":1180,""extra"":400}"
107,snowball_vs_avalanche,"Snowball vs Avalanche on $18,100. Which wins?","{""debts"":[{""name"":""Card B"",""balance"":7600,""apr"":19,""min"":190},{""name"":""Card C"",""balance"":10500,""apr"":27,""min"":260}],""budget"":750}"
108,utilization,"How much to pay to get under 30% utilization on a $5,000 card","{""balance"":3950,""limit"":5000}"
109,min_trap,"The minimum payment trap on $8,250 of credit card debt","{""balance"":8250,""apr"":24,""min_pct"":1,""min_floor"":25}"
110,extra_payment,"How $400 extra per month kills $24,250 of debt faster","{""balance"":24250,""apr"":23,""payment"":730,""extra"":400}"
111,snowball_vs_avalanche,"4 debts, $31,600 total. Snowball or Avalanche?","{""debts"":[{""name"":""Card D"",""balance"":4100,""apr"":15,""min"":100},{""name"":""Card C"",""balance"":11000,""apr"":22,""min"":275},{""name"":""Store card"",""balance"":2200,""apr"":29,""min"":55},{""name"":""Card B"",""balance"":14300,""apr"":17,""min"":360}],""budget"":940}"
112,utilization,65% credit utilization? Here is the fix,"{""balance"":13000,""limit"":20000}"
113,min_trap,"What the minimum payment really costs on $18,500","{""balance"":18500,""apr"":27,""min_pct"":1,""min_floor"":25}"
114,extra_payment,"Add $150 a month to a $30,250 balance. Watch what happens","{""balance"":30250,""apr"":16,""payment"":1130,""extra"":150}"
115,snowball_vs_avalanche,"Snowball vs Avalanche on $27,600. Which wins?","{""debts"":[{""name"":""Card B"",""balance"":8200,""apr"":20,""min"":205},{""name"":""Store card"",""balance"":1200,""apr"":13,""min"":30},{""name"":""Card A"",""balance"":8500,""apr"":16,""min"":210},{""name"":""Personal loan"",""balance"":9700,""apr"":27,""min"":240}],""budget"":785}"
116,utilization,"The credit utilization math on a $12,000 limit","{""balance"":6350,""limit"":12000}"
117,min_trap,"$12,500 at 20% APR, minimum payments only. Brutal math","{""balance"":12500,""apr"":20,""min_pct"":1,""min_floor"":25}"
118,extra_payment,"$48,250 credit card debt at 19% APR? Do this","{""balance"":48250,""apr"":19,""payment"":1890,""extra"":300}"
119,snowball_vs_avalanche,"2 debts, $4,300 total. Snowball or Avalanche?","{""debts"":[{""name"":""Card C"",""balance"":1600,""apr"":13,""min"":40},{""name"":""Card D"",""balance"":2700,""apr"":21,""min"":70}],""budget"":210}"
120,utilization,"Pay this much before your statement closes ($8,750 on $12,000)","{""balance"":8750,""limit"":12000}"
121,min_trap,"Why your $6,500 card balance never goes down","{""balance"":6500,""apr"":23,""min_pct"":1,""min_floor"":25}"
122,extra_payment,"$23,000 at 22%: paying $680 vs $1,180 a month","{""balance"":23000,""apr"":22,""payment"":680,""extra"":500}"
123,snowball_vs_avalanche,"4 debts, $48,300 total. Snowball or Avalanche?","{""debts"":[{""name"":""Personal loan"",""balance"":14400,""apr"":15,""min"":360},{""name"":""Card D"",""balance"":14200,""apr"":18,""min"":355},{""name"":""Card A"",""balance"":9600,""apr"":20,""min"":240},{""name"":""Store card"",""balance"":10100,""apr"":17,""min"":250}],""budget"":1355}"
124,utilization,"How much to pay to get under 30% utilization on a $10,000 card","{""balance"":3900,""limit"":10000}"
125,min_trap,"What the minimum payment really costs on $1,000","{""balance"":1000,""apr"":22,""min_pct"":1,""min_floor"":25}"
126,extra_payment,"$24,000 at 15%: paying $680 vs $830 a month","{""balance"":24000,""apr"":15,""payment"":680,""extra"":150}"
127,snowball_vs_avalanche,"2 debts, $20,600 total. Snowball or Avalanche?","{""debts"":[{""name"":""Card D"",""balance"":13900,""apr"":18,""min"":350},{""name"":""Card B"",""balance"":6700,""apr"":29,""min"":170}],""budget"":670}"
128,utilization,"How much to pay to get under 30% utilization on a $3,000 card","{""balance"":2600,""limit"":3000}"
129,min_trap,"What the minimum payment really costs on $15,250","{""balance"":15250,""apr"":28,""min_pct"":1,""min_floor"":25}"
130,extra_payment,"$46,250 at 22%: paying $1,240 vs $1,390 a month","{""balance"":46250,""apr"":22,""payment"":1240,""extra"":150}"
131,snowball_vs_avalanche,"Debt Snowball vs Avalanche: the real numbers on $26,200","{""debts"":[{""name"":""Personal loan"",""balance"":1700,""apr"":13,""min"":40},{""name"":""Card D"",""balance"":13400,""apr"":22,""min"":335},{""name"":""Card C"",""balance"":9300,""apr"":12,""min"":230},{""name"":""Card B"",""balance"":1800,""apr"":12,""min"":45}],""budget"":1250}"
132,utilization,"The credit utilization math on a $7,500 limit","{""balance"":5100,""limit"":7500}"
133,min_trap,"What the minimum payment really costs on $23,000","{""balance"":23000,""apr"":17,""min_pct"":1,""min_floor"":25}"
134,extra_payment,"$22,250 at 28%: paying $720 vs $770 a month","{""balance"":22250,""apr"":28,""payment"":720,""extra"":50}"
135,snowball_vs_avalanche,"Smallest balance first or highest APR first? $18,200 test","{""debts"":[{""name"":""Store card"",""balance"":5200,""apr"":24,""min"":130},{""name"":""Card D"",""balance"":13000,""apr"":12,""min"":325}],""budget"":955}"
136,utilization,"Your $4,600 balance on a $7,500 limit is hurting your score","{""balance"":4600,""limit"":7500}"
137,min_trap,"What the minimum payment really costs on $5,500","{""balance"":5500,""apr"":20,""min_pct"":1,""min_floor"":25}"
138,extra_payment,"$11,000 at 23%: paying $300 vs $450 a month","{""balance"":11000,""apr"":23,""payment"":300,""extra"":150}"
139,snowball_vs_avalanche,"Debt Snowball vs Avalanche: the real numbers on $34,400","{""debts"":[{""name"":""Card A"",""balance"":5000,""apr"":12,""min"":125},{""name"":""Card D"",""balance"":8500,""apr"":14,""min"":210},{""name"":""Card B"",""balance"":3800,""apr"":15,""min"":95},{""name"":""Store card"",""balance"":7200,""apr"":15,""min"":180},{""name"":""Personal loan"",""balance"":9900,""apr"":16,""min"":250}],""budget"":1160}"
140,utilization,80% credit utilization? Here is the fix,"{""balance"":8000,""limit"":10000}"
141,min_trap,"Why your $11,000 card balance never goes down","{""balance"":11000,""apr"":22,""min_pct"":1,""min_floor"":25}"
142,extra_payment,"The $100 trick that saves months on $13,000 of debt","{""balance"":13000,""apr"":23,""payment"":350,""extra"":100}"
143,snowball_vs_avalanche,"Smallest balance first or highest APR first? $14,400 test","{""debts"":[{""name"":""Card A"",""balance"":5400,""apr"":28,""min"":135},{""name"":""Store card"",""balance"":4400,""apr"":12,""min"":110},{""name"":""Card C"",""balance"":4600,""apr"":21,""min"":115}],""budget"":960}"
144,utilization,"Pay this much before your statement closes ($1,250 on $2,000)","{""balance"":1250,""limit"":2000}"
145,min_trap,"What the minimum payment really costs on $12,500","{""balance"":12500,""apr"":20,""min_pct"":1,""min_floor"":25}"
146,extra_payment,"Add $200 a month to a $38,500 balance. Watch what happens","{""balance"":38500,""apr"":21,""payment"":1230,""extra"":200}"
147,snowball_vs_avalanche,"3 debts, $24,700 total. Snowball or Avalanche?","{""debts"":[{""name"":""Personal loan"",""balance"":12900,""apr"":25,""min"":320},{""name"":""Card C"",""balance"":1100,""apr"":27,""min"":30},{""name"":""Card B"",""balance"":10700,""apr"":24,""min"":270}],""budget"":920}"
148,utilization,"How much to pay to get under 30% utilization on a $7,500 card","{""balance"":2800,""limit"":7500}"
149,min_trap,"The minimum payment trap on $13,000 of credit card debt","{""balance"":13000,""apr"":24,""min_pct"":1,""min_floor"":25}"
150,extra_payment,"$26,750 at 22%: paying $670 vs $745 a month","{""balance"":26750,""apr"":22,""payment"":670,""extra"":75}"
151,snowball_vs_avalanche,"Debt Snowball vs Avalanche: the real numbers on $28,200","{""debts"":[{""name"":""Card A"",""balance"":5400,""apr"":24,""min"":135},{""name"":""Card C"",""balance"":9900,""apr"":22,""min"":250},{""name"":""Store card"",""balance"":12900,""apr"":29,""min"":320}],""budget"":1005}"
152,utilization,"The credit utilization math on a $15,000 limit","{""balance"":12000,""limit"":15000}"
153,min_trap,"What the minimum payment really costs on $22,000","{""balance"":22000,""apr"":15,""min_pct"":1,""min_floor"":25}"
154,extra_payment,"Add $150 a month to a $4,250 balance. Watch what happens","{""balance"":4250,""apr"":25,""payment"":150,""extra"":150}"
155,snowball_vs_avalanche,"Snowball vs Avalanche on $18,400. Which wins?","{""debts"":[{""name"":""Card C"",""balance"":11500,""apr"":15,""min"":290},{""name"":""Card A"",""balance"":6900,""apr"":21,""min"":170}],""budget"":560}"
156,utilization,"Your $3,400 balance on a $4,000 limit is hurting your score","{""balance"":3400,""limit"":4000}"
157,min_trap,"Why your $8,000 card balance never goes down","{""balance"":8000,""apr"":20,""min_pct"":1,""min_floor"":25}"
158,extra_payment,"Add $75 a month to a $8,250 balance. Watch what happens","{""balance"":8250,""apr"":23,""payment"":260,""extra"":75}"
159,snowball_vs_avalanche,"Debt Snowball vs Avalanche: the real numbers on $21,100","{""debts"":[{""name"":""Card A"",""balance"":9500,""apr"":19,""min"":240},{""name"":""Personal loan"",""balance"":7700,""apr"":16,""min"":190},{""name"":""Card C"",""balance"":3900,""apr"":20,""min"":100}],""budget"":830}"
160,utilization,"Pay this much before your statement closes ($2,350 on $3,000)","{""balance"":2350,""limit"":3000}"
161,min_trap,"The minimum payment trap on $4,750 of credit card debt","{""balance"":4750,""apr"":22,""min_pct"":1,""min_floor"":25}"
162,extra_payment,"How $250 extra per month kills $49,500 of debt faster","{""balance"":49500,""apr"":19,""payment"":1710,""extra"":250}"
163,snowball_vs_avalanche,"Debt Snowball vs Avalanche: the real numbers on $31,700","{""debts"":[{""name"":""Store card"",""balance"":3900,""apr"":23,""min"":100},{""name"":""Card B"",""balance"":8800,""apr"":21,""min"":220},{""name"":""Card C"",""balance"":800,""apr"":24,""min"":25},{""name"":""Personal loan"",""balance"":4500,""apr"":13,""min"":110},{""name"":""Card A"",""balance"":13700,""apr"":27,""min"":340}],""budget"":1395}"
164,utilization,72% credit utilization? Here is the fix,"{""balance"":1800,""limit"":2500}"
165,min_trap,"What the minimum payment really costs on $6,250","{""balance"":6250,""apr"":18,""min_pct"":1,""min_floor"":25}"
166,extra_payment,"$13,250 credit card debt at 27% APR? Do this","{""balance"":13250,""apr"":27,""payment"":470,""extra"":75}"
167,snowball_vs_avalanche,"Debt Snowball vs Avalanche: the real numbers on $12,100","{""debts"":[{""name"":""Store card"",""balance"":1000,""apr"":23,""min"":25},{""name"":""Card C"",""balance"":11100,""apr"":14,""min"":280}],""budget"":505}"
168,utilization,"How much to pay to get under 30% utilization on a $20,000 card","{""balance"":12200,""limit"":20000}"
169,min_trap,"What the minimum payment really costs on $5,750","{""balance"":5750,""apr"":27,""min_pct"":1,""min_floor"":25}"
170,extra_payment,"Add $150 a month to a $44,000 balance. Watch what happens","{""balance"":44000,""apr"":20,""payment"":1450,""extra"":150}"
171,snowball_vs_avalanche,"Snowball vs Avalanche on $37,300. Which wins?","{""debts"":[{""name"":""Card C"",""balance"":7300,""apr"":14,""min"":180},{""name"":""Store card"",""balance"":2500,""apr"":19,""min"":60},{""name"":""Personal loan"",""balance"":13000,""apr"":24,""min"":325},{""name"":""Card A"",""balance"":14500,""apr"":29,""min"":360}],""budget"":1125}"
172,utilization,35% credit utilization? Here is the fix,"{""balance"":1750,""limit"":5000}"
173,min_trap,"The minimum payment trap on $14,000 of credit card debt","{""balance"":14000,""apr"":22,""min_pct"":1,""min_floor"":25}"
174,extra_payment,"How $250 extra per month kills $34,000 of debt faster","{""balance"":34000,""apr"":25,""payment"":980,""extra"":250}"
175,snowball_vs_avalanche,"Snowball vs Avalanche on $12,600. Which wins?","{""debts"":[{""name"":""Card D"",""balance"":7300,""apr"":29,""min"":180},{""name"":""Card B"",""balance"":5300,""apr"":19,""min"":130}],""budget"":810}"
176,utilization,"Your $650 balance on a $1,500 limit is hurting your score","{""balance"":650,""limit"":1500}"
177,min_trap,"Why your $23,750 card balance never goes down","{""balance"":23750,""apr"":19,""min_pct"":1,""min_floor"":25}"
178,extra_payment,"$6,750 at 18%: paying $260 vs $335 a month","{""balance"":6750,""apr"":18,""payment"":260,""extra"":75}"
179,snowball_vs_avalanche,"Debt Snowball vs Avalanche: the real numbers on $44,700","{""debts"":[{""name"":""Store card"",""balance"":13300,""apr"":15,""min"":330},{""name"":""Personal loan"",""balance"":12600,""apr"":25,""min"":315},{""name"":""Card C"",""balance"":14100,""apr"":20,""min"":350},{""name"":""Card D"",""balance"":1000,""apr"":23,""min"":25},{""name"":""Card A"",""balance"":3700,""apr"":26,""min"":90}],""budget"":1260}"
180,utilization,77% credit utilization? Here is the fix,"{""balance"":1150,""limit"":1500}"
181,min_trap,"$2,500 at 19% APR, minimum payments only. Brutal math","{""balance"":2500,""apr"":19,""min_pct"":1,""min_floor"":25}"
182,extra_payment,"The $75 trick that saves months on $3,500 of debt","{""balance"":3500,""apr"":20,""payment"":100,""extra"":75}"
183,snowball_vs_avalanche,"3 debts, $26,200 total. Snowball or Avalanche?","{""debts"":[{""name"":""Card A"",""balance"":9000,""apr"":19,""min"":225},{""name"":""Personal loan"",""balance"":5300,""apr"":16,""min"":130},{""name"":""Card B"",""balance"":11900,""apr"":12,""min"":300}],""budget"":855}"
184,utilization,70% credit utilization? Here is the fix,"{""balance"":1400,""limit"":2000}"
185,min_trap,"Paying only the minimum on $20,250 takes HOW long?","{""balance"":20250,""apr"":16,""min_pct"":1,""min_floor"":25}"
186,extra_payment,"The $100 trick that saves months on $7,500 of debt","{""balance"":7500,""apr"":20,""payment"":280,""extra"":100}"
187,snowball_vs_avalanche,"Smallest balance first or highest APR first? $25,700 test","{""debts"":[{""name"":""Card A"",""balance"":2300,""apr"":25,""min"":60},{""name"":""Card B"",""balance"":8100,""apr"":14,""min"":200},{""name"":""Store card"",""balance"":7400,""apr"":23,""min"":185},{""name"":""Card D"",""balance"":7900,""apr"":15,""min"":200}],""budget"":945}"
188,utilization,"Pay this much before your statement closes ($2,400 on $2,500)","{""balance"":2400,""limit"":2500}"
189,min_trap,"What the minimum payment really costs on $2,000","{""balance"":2000,""apr"":27,""min_pct"":1,""min_floor"":25}"
190,extra_payment,"$50,000 at 28%: paying $1,550 vs $1,600 a month","{""balance"":50000,""apr"":28,""payment"":1550,""extra"":50}"
191,snowball_vs_avalanche,"2 debts, $13,200 total. Snowball or Avalanche?","{""debts"":[{""name"":""Card A"",""balance"":1900,""apr"":15,""min"":50},{""name"":""Card D"",""balance"":11300,""apr"":23,""min"":280}],""budget"":930}"
192,utilization,"Pay this much before your statement closes ($3,800 on $10,000)","{""balance"":3800,""limit"":10000}"
193,min_trap,"The minimum payment trap on $24,000 of credit card debt","{""balance"":24000,""apr"":23,""min_pct"":1,""min_floor"":25}"
194,extra_payment,"$33,750 credit card debt at 21% APR? Do this","{""balance"":33750,""apr"":21,""payment"":1020,""extra"":250}"
195,snowball_vs_avalanche,"Snowball vs Avalanche on $21,000. Which wins?","{""debts"":[{""name"":""Personal loan"",""balance"":8900,""apr"":18,""min"":220},{""name"":""Store card"",""balance"":2700,""apr"":27,""min"":70},{""name"":""Card D"",""balance"":3800,""apr"":15,""min"":95},{""name"":""Card A"",""balance"":5600,""apr"":29,""min"":140}],""budget"":725}"
196,utilization,"Pay this much before your statement closes ($4,450 on $5,000)","{""balance"":4450,""limit"":5000}"
197,min_trap,"What the minimum payment really costs on $24,500","{""balance"":24500,""apr"":28,""min_pct"":1,""min_floor"":25}"
198,extra_payment,"How $500 extra per month kills $31,000 of debt faster","{""balance"":31000,""apr"":25,""payment"":1030,""extra"":500}"
199,snowball_vs_avalanche,"2 debts, $24,600 total. Snowball or Avalanche?","{""debts"":[{""name"":""Card B"",""balance"":10700,""apr"":21,""min"":270},{""name"":""Store card"",""balance"":13900,""apr"":23,""min"":350}],""budget"":720}"
200,utilization,"Pay this much before your statement closes ($1,250 on $1,500)","{""balance"":1250,""limit"":1500}"
201,min_trap,"Why your $6,250 card balance never goes down","{""balance"":6250,""apr"":21,""min_pct"":1,""min_floor"":25}"
202,extra_payment,"The $200 trick that saves months on $17,750 of debt","{""balance"":17750,""apr"":20,""payment"":530,""extra"":200}"
203,snowball_vs_avalanche,"Snowball vs Avalanche on $30,800. Which wins?","{""debts"":[{""name"":""Personal loan"",""balance"":11400,""apr"":15,""min"":285},{""name"":""Card C"",""balance"":5500,""apr"":15,""min"":140},{""name"":""Card D"",""balance"":4600,""apr"":27,""min"":115},{""name"":""Card B"",""balance"":8100,""apr"":21,""min"":200},{""name"":""Card A"",""balance"":1200,""apr"":24,""min"":30}],""budget"":1170}"
204,utilization,50% credit utilization? Here is the fix,"{""balance"":500,""limit"":1000}"
205,min_trap,"$23,750 at 27% APR, minimum payments only. Brutal math","{""balance"":23750,""apr"":27,""min_pct"":1,""min_floor"":25}"
206,extra_payment,"The $250 trick that saves months on $25,250 of debt","{""balance"":25250,""apr"":21,""payment"":700,""extra"":250}"
207,snowball_vs_avalanche,"Snowball vs Avalanche on $22,200. Which wins?","{""debts"":[{""name"":""Card D"",""balance"":800,""apr"":22,""min"":25},{""name"":""Card C"",""balance"":3000,""apr"":26,""min"":75},{""name"":""Store card"",""balance"":12600,""apr"":23,""min"":315},{""name"":""Card A"",""balance"":1800,""apr"":15,""min"":45},{""name"":""Card B"",""balance"":4000,""apr"":24,""min"":100}],""budget"":960}"
208,utilization,"Your $1,000 balance on a $1,500 limit is hurting your score","{""balance"":1000,""limit"":1500}"
209,min_trap,"The minimum payment trap on $13,750 of credit card debt","{""balance"":13750,""apr"":18,""min_pct"":1,""min_floor"":25}"
210,extra_payment,"Add $75 a month to a $18,250 balance. Watch what happens","{""balance"":18250,""apr"":28,""payment"":630,""extra"":75}"
211,snowball_vs_avalanche,"Smallest balance first or highest APR first? $46,600 test","{""debts"":[{""name"":""Card A"",""balance"":9800,""apr"":14,""min"":245},{""name"":""Card D"",""balance"":9400,""apr"":28,""min"":235},{""name"":""Store card"",""balance"":6100,""apr"":29,""min"":150},{""name"":""Card B"",""balance"":14300,""apr"":13,""min"":360},{""name"":""Personal loan"",""balance"":7000,""apr"":18,""min"":175}],""budget"":1365}"
212,utilization,"Your $650 balance on a $1,000 limit is hurting your score","{""balance"":650,""limit"":1000}"
213,min_trap,"The minimum payment trap on $20,500 of credit card debt","{""balance"":20500,""apr"":28,""min_pct"":1,""min_floor"":25}"
214,extra_payment,"The $50 trick that saves months on $3,000 of debt","{""balance"":3000,""apr"":26,""payment"":90,""extra"":50}"
215,snowball_vs_avalanche,"Debt Snowball vs Avalanche: the real numbers on $28,300","{""debts"":[{""name"":""Store card"",""balance"":6100,""apr"":22,""min"":150},{""name"":""Card D"",""balance"":10300,""apr"":13,""min"":260},{""name"":""Personal loan"",""balance"":11900,""apr"":22,""min"":300}],""budget"":810}"
216,utilization,"Pay this much before your statement closes ($1,550 on $3,000)","{""balance"":1550,""limit"":3000}"
217,min_trap,"Paying only the minimum on $22,000 takes HOW long?","{""balance"":22000,""apr"":20,""min_pct"":1,""min_floor"":25}"
218,extra_payment,"$29,500 at 17%: paying $1,140 vs $1,290 a month","{""balance"":29500,""apr"":17,""payment"":1140,""extra"":150}"
219,snowball_vs_avalanche,"Debt Snowball vs Avalanche: the real numbers on $22,800","{""debts"":[{""name"":""Personal loan"",""balance"":8600,""apr"":22,""min"":215},{""name"":""Card A"",""balance"":12300,""apr"":28,""min"":310},{""name"":""Store card"",""balance"":1900,""apr"":25,""min"":50}],""budget"":975}"
220,utilization,60% credit utilization? Here is the fix,"{""balance"":600,""limit"":1000}"
221,min_trap,"The minimum payment trap on $5,250 of credit card debt","{""balance"":5250,""apr"":18,""min_pct"":1,""min_floor"":25}"
222,extra_payment,"Add $75 a month to a $47,500 balance. Watch what happens","{""balance"":47500,""apr"":22,""payment"":1320,""extra"":75}"
223,snowball_vs_avalanche,"Debt Snowball vs Avalanche: the real numbers on $20,500","{""debts"":[{""name"":""Store card"",""balance"":7900,""apr"":29,""min"":200},{""name"":""Card A"",""balance"":12600,""apr"":28,""min"":315}],""budget"":615}"
224,utilization,"Pay this much before your statement closes ($5,150 on $12,000)","{""balance"":5150,""limit"":12000}"
225,min_trap,"$10,000 at 17% APR, minimum payments only. Brutal math","{""balance"":10000,""apr"":17,""min_pct"":1,""min_floor"":25}"
226,extra_payment,"$41,750 at 27%: paying $1,430 vs $1,505 a month","{""balance"":41750,""apr"":27,""payment"":1430,""extra"":75}"
227,snowball_vs_avalanche,"Debt Snowball vs Avalanche: the real numbers on $33,900","{""debts"":[{""name"":""Personal loan"",""balance"":14500,""apr"":27,""min"":360},{""name"":""Card B"",""balance"":13600,""apr"":18,""min"":340},{""name"":""Store card"",""balance"":5800,""apr"":26,""min"":145}],""budget"":1145}"
228,utilization,"Pay this much before your statement closes ($3,350 on $5,000)","{""balance"":3350,""limit"":5000}"
229,min_trap,"$11,000 at 17% APR, minimum payments only. Brutal math","{""balance"":11000,""apr"":17,""min_pct"":1,""min_floor"":25}"
230,extra_payment,"The $50 trick that saves months on $32,500 of debt","{""balance"":32500,""apr"":28,""payment"":990,""extra"":50}"
231,snowball_vs_avalanche,"Debt Snowball vs Avalanche: the real numbers on $19,800","{""debts"":[{""name"":""Card B"",""balance"":13300,""apr"":12,""min"":330},{""name"":""Card C"",""balance"":6500,""apr"":24,""min"":160}],""budget"":890}"
232,utilization,"Your $1,500 balance on a $2,500 limit is hurting your score","{""balance"":1500,""limit"":2500}"
233,min_trap,"The minimum payment trap on $10,000 of credit card debt","{""balance"":10000,""apr"":15,""min_pct"":1,""min_floor"":25}"
234,extra_payment,"Add $200 a month to a $46,500 balance. Watch what happens","{""balance"":46500,""apr"":28,""payment"":1660,""extra"":200}"
235,snowball_vs_avalanche,"Snowball vs Avalanche on $29,100. Which wins?","{""debts"":[{""name"":""Card A"",""balance"":10600,""apr"":16,""min"":265},{""name"":""Store card"",""balance"":11500,""apr"":27,""min"":290},{""name"":""Card C"",""balance"":7000,""apr"":12,""min"":175}],""budget"":830}"
236,utilization,"Pay this much before your statement closes ($9,500 on $10,000)","{""balance"":9500,""limit"":10000}"
237,min_trap,"Paying only the minimum on $6,750 takes HOW long?","{""balance"":6750,""apr"":16,""min_pct"":1,""min_floor"":25}"
238,extra_payment,"$12,750 credit card debt at 25% APR? Do this","{""balance"":12750,""apr"":25,""payment"":470,""extra"":300}"
239,snowball_vs_avalanche,"Debt Snowball vs Avalanche: the real numbers on $7,200","{""debts"":[{""name"":""Personal loan"",""balance"":4000,""apr"":25,""min"":100},{""name"":""Store card"",""balance"":3200,""apr"":14,""min"":80}],""budget"":580}"
240,utilization,"Pay this much before your statement closes ($1,000 on $1,500)","{""balance"":1000,""limit"":1500}"
241,min_trap,"What the minimum payment really costs on $13,250","{""balance"":13250,""apr"":23,""min_pct"":1,""min_floor"":25}"
242,extra_payment,"How $25 extra per month kills $2,000 of debt faster","{""balance"":2000,""apr"":28,""payment"":60,""extra"":25}"
243,snowball_vs_avalanche,"Debt Snowball vs Avalanche: the real numbers on $35,700","{""debts"":[{""name"":""Card D"",""balance"":1000,""apr"":18,""min"":25},{""name"":""Card B"",""balance"":1100,""apr"":18,""min"":30},{""name"":""Personal loan"",""balance"":13300,""apr"":22,""min"":330},{""name"":""Card A"",""balance"":14000,""apr"":28,""min"":350},{""name"":""Card C"",""balance"":6300,""apr"":29,""min"":160}],""budget"":1195}"
244,utilization,"How much to pay to get under 30% utilization on a $1,000 card","{""balance"":850,""limit"":1000}"
245,min_trap,"Paying only the minimum on $7,750 takes HOW long?","{""balance"":7750,""apr"":28,""min_pct"":1,""min_floor"":25}"
246,extra_payment,"$43,500 at 20%: paying $1,270 vs $1,470 a month","{""balance"":43500,""apr"":20,""payment"":1270,""extra"":200}"
247,snowball_vs_avalanche,"Debt Snowball vs Avalanche: the real numbers on $35,600","{""debts"":[{""name"":""Card D"",""balance"":7700,""apr"":27,""min"":190},{""name"":""Card C"",""balance"":5800,""apr"":28,""min"":145},{""name"":""Personal loan"",""balance"":4400,""apr"":14,""min"":110},{""name"":""Card B"",""balance"":11000,""apr"":14,""min"":275},{""name"":""Card A"",""balance"":6700,""apr"":17,""min"":170}],""budget"":1290}"
248,utilization,"Your $1,650 balance on a $4,000 limit is hurting your score","{""balance"":1650,""limit"":4000}"
249,min_trap,"The minimum payment trap on $8,750 of credit card debt","{""balance"":8750,""apr"":19,""min_pct"":1,""min_floor"":25}"
250,extra_payment,"How $300 extra per month kills $22,750 of debt faster","{""balance"":22750,""apr"":26,""payment"":710,""extra"":300}"
251,snowball_vs_avalanche,"Debt Snowball vs Avalanche: the real numbers on $35,500","{""debts"":[{""name"":""Card A"",""balance"":1600,""apr"":24,""min"":40},{""name"":""Store card"",""balance"":5800,""apr"":17,""min"":145},{""name"":""Card C"",""balance"":14300,""apr"":16,""min"":360},{""name"":""Card B"",""balance"":12800,""apr"":26,""min"":320},{""name"":""Card D"",""balance"":1000,""apr"":14,""min"":25}],""budget"":1040}"
252,utilization,"Pay this much before your statement closes ($2,350 on $4,000)","{""balance"":2350,""limit"":4000}"
253,min_trap,"Why your $1,750 card balance never goes down","{""balance"":1750,""apr"":17,""min_pct"":1,""min_floor"":25}"
254,extra_payment,"How $200 extra per month kills $29,000 of debt faster","{""balance"":29000,""apr"":23,""payment"":880,""extra"":200}"
255,snowball_vs_avalanche,"Debt Snowball vs Avalanche: the real numbers on $19,300","{""debts"":[{""name"":""Personal loan"",""balance"":3400,""apr"":16,""min"":85},{""name"":""Store card"",""balance"":12900,""apr"":26,""min"":320},{""name"":""Card C"",""balance"":3000,""apr"":26,""min"":75}],""budget"":580}"
256,utilization,"Your $8,550 balance on a $15,000 limit is hurting your score","{""balance"":8550,""limit"":15000}"
257,min_trap,"The minimum payment trap on $14,250 of credit card debt","{""balance"":14250,""apr"":19,""min_pct"":1,""min_floor"":25}"
258,extra_payment,"How $75 extra per month kills $42,750 of debt faster","{""balance"":42750,""apr"":26,""payment"":1520,""extra"":75}"
259,snowball_vs_avalanche,"Smallest balance first or highest APR first? $13,600 test","{""debts"":[{""name"":""Card A"",""balance"":3900,""apr"":27,""min"":100},{""name"":""Card B"",""balance"":900,""apr"":29,""min"":25},{""name"":""Personal loan"",""balance"":8800,""apr"":26,""min"":220}],""budget"":945}"
260,utilization,"Your $1,500 balance on a $2,000 limit is hurting your score","{""balance"":1500,""limit"":2000}"
261,min_trap,"Why your $2,500 card balance never goes down","{""balance"":2500,""apr"":21,""min_pct"":1,""min_floor"":25}"
262,extra_payment,"$26,750 credit card debt at 27% APR? Do this","{""balance"":26750,""apr"":27,""payment"":830,""extra"":500}"
263,snowball_vs_avalanche,"3 debts, $22,600 total. Snowball or Avalanche?","{""debts"":[{""name"":""Store card"",""balance"":7300,""apr"":28,""min"":180},{""name"":""Card A"",""balance"":5500,""apr"":29,""min"":140},{""name"":""Card C"",""balance"":9800,""apr"":17,""min"":245}],""budget"":1165}"
264,utilization,"Your $3,350 balance on a $5,000 limit is hurting your score","{""balance"":3350,""limit"":5000}"
265,min_trap,"$21,000 at 23% APR, minimum payments only. Brutal math","{""balance"":21000,""apr"":23,""min_pct"":1,""min_floor"":25}"
266,extra_payment,"How $100 extra per month kills $16,000 of debt faster","{""balance"":16000,""apr"":17,""payment"":480,""extra"":100}"
267,snowball_vs_avalanche,"Smallest balance first or highest APR first? $33,900 test","{""debts"":[{""name"":""Card A"",""balance"":14400,""apr"":20,""min"":360},{""name"":""Store card"",""balance"":2300,""apr"":21,""min"":60},{""name"":""Card B"",""balance"":9400,""apr"":14,""min"":235},{""name"":""Personal loan"",""balance"":7800,""apr"":17,""min"":195}],""budget"":1250}"
268,utilization,"Pay this much before your statement closes ($900 on $2,000)","{""balance"":900,""limit"":2000}"
269,min_trap,"The minimum payment trap on $18,250 of credit card debt","{""balance"":18250,""apr"":24,""min_pct"":1,""min_floor"":25}"
270,extra_payment,"$42,250 credit card debt at 24% APR? Do this","{""balance"":42250,""apr"":24,""payment"":1080,""extra"":25}"
271,snowball_vs_avalanche,"Snowball vs Avalanche on $15,900. Which wins?","{""debts"":[{""name"":""Card D"",""balance"":4300,""apr"":18,""min"":110},{""name"":""Personal loan"",""balance"":11600,""apr"":25,""min"":290}],""budget"":800}"
272,utilization,"Pay this much before your statement closes ($6,800 on $7,500)","{""balance"":6800,""limit"":7500}"
273,min_trap,"Why your $7,000 card balance never goes down","{""balance"":7000,""apr"":27,""min_pct"":1,""min_floor"":25}"
274,extra_payment,"$15,500 at 16%: paying $550 vs $625 a month","{""balance"":15500,""apr"":16,""payment"":550,""extra"":75}"
275,snowball_vs_avalanche,"Smallest balance first or highest APR first? $5,300 test","{""debts"":[{""name"":""Store card"",""balance"":4100,""apr"":15,""min"":100},{""name"":""Card C"",""balance"":1200,""apr"":24,""min"":30}],""budget"":730}"
276,utilization,"Pay this much before your statement closes ($3,750 on $4,000)","{""balance"":3750,""limit"":4000}"
277,min_trap,"$18,250 at 18% APR, minimum payments only. Brutal math","{""balance"":18250,""apr"":18,""min_pct"":1,""min_floor"":25}"
278,extra_payment,"$25,500 at 23%: paying $820 vs $970 a month","{""balance"":25500,""apr"":23,""payment"":820,""extra"":150}"
279,snowball_vs_avalanche,"Snowball vs Avalanche on $11,400. Which wins?","{""debts"":[{""name"":""Card A"",""balance"":7800,""apr"":19,""min"":195},{""name"":""Card C"",""balance"":3600,""apr"":23,""min"":90}],""budget"":385}"
280,utilization,"Pay this much before your statement closes ($2,000 on $3,000)","{""balance"":2000,""limit"":3000}"
281,min_trap,"Why your $22,250 card balance never goes down","{""balance"":22250,""apr"":25,""min_pct"":1,""min_floor"":25}"
282,extra_payment,"Add $250 a month to a $15,000 balance. Watch what happens","{""balance"":15000,""apr"":15,""payment"":570,""extra"":250}"
283,snowball_vs_avalanche,"Smallest balance first or highest APR first? $17,400 test","{""debts"":[{""name"":""Card D"",""balance"":1200,""apr"":13,""min"":30},{""name"":""Store card"",""balance"":8800,""apr"":18,""min"":220},{""name"":""Card C"",""balance"":5800,""apr"":21,""min"":145},{""name"":""Card B"",""balance"":1600,""apr"":28,""min"":40}],""budget"":735}"
284,utilization,"Pay this much before your statement closes ($2,600 on $3,000)","{""balance"":2600,""limit"":3000}"
285,min_trap,"$17,250 at 16% APR, minimum payments only. Brutal math","{""balance"":17250,""apr"":16,""min_pct"":1,""min_floor"":25}"
286,extra_payment,"The $200 trick that saves months on $48,750 of debt","{""balance"":48750,""apr"":21,""payment"":1490,""extra"":200}"
287,snowball_vs_avalanche,"Debt Snowball vs Avalanche: the real numbers on $22,900","{""debts"":[{""name"":""Card B"",""balance"":1100,""apr"":13,""min"":30},{""name"":""Card D"",""balance"":2500,""apr"":22,""min"":60},{""name"":""Card C"",""balance"":12200,""apr"":28,""min"":305},{""name"":""Store card"",""balance"":7100,""apr"":28,""min"":180}],""budget"":725}"
288,utilization,74% credit utilization? Here is the fix,"{""balance"":3700,""limit"":5000}"
289,min_trap,"What the minimum payment really costs on $13,750","{""balance"":13750,""apr"":26,""min_pct"":1,""min_floor"":25}"
290,extra_payment,"$15,750 credit card debt at 28% APR? Do this","{""balance"":15750,""apr"":28,""payment"":400,""extra"":200}"
291,snowball_vs_avalanche,"Snowball vs Avalanche on $22,000. Which wins?","{""debts"":[{""name"":""Personal loan"",""balance"":4400,""apr"":19,""min"":110},{""name"":""Store card"",""balance"":11000,""apr"":27,""min"":275},{""name"":""Card A"",""balance"":3000,""apr"":24,""min"":75},{""name"":""Card D"",""balance"":2600,""apr"":19,""min"":65},{""name"":""Card B"",""balance"":1000,""apr"":15,""min"":25}],""budget"":700}"
292,utilization,"Your $6,750 balance on a $7,500 limit is hurting your score","{""balance"":6750,""limit"":7500}"
293,min_trap,"$18,000 at 23% APR, minimum payments only. Brutal math","{""balance"":18000,""apr"":23,""min_pct"":1,""min_floor"":25}"
294,extra_payment,"How $250 extra per month kills $28,500 of debt faster","{""balance"":28500,""apr"":25,""payment"":920,""extra"":250}"
295,snowball_vs_avalanche,"Debt Snowball vs Avalanche: the real numbers on $32,100","{""debts"":[{""name"":""Card C"",""balance"":8400,""apr"":20,""min"":210},{""name"":""Personal loan"",""balance"":9300,""apr"":18,""min"":230},{""name"":""Store card"",""balance"":14400,""apr"":20,""min"":360}],""budget"":1200}"
296,utilization,96% credit utilization? Here is the fix,"{""balance"":2400,""limit"":2500}"
297,min_trap,"$19,500 at 26% APR, minimum payments only. Brutal math","{""balance"":19500,""apr"":26,""min_pct"":1,""min_floor"":25}"
298,extra_payment,"The $200 trick that saves months on $34,750 of debt","{""balance"":34750,""apr"":22,""payment"":1030,""extra"":200}"
299,snowball_vs_avalanche,"Debt Snowball vs Avalanche: the real numbers on $37,000","{""debts"":[{""name"":""Store card"",""balance"":12400,""apr"":16,""min"":310},{""name"":""Card A"",""balance"":4700,""apr"":21,""min"":120},{""name"":""Card C"",""balance"":14400,""apr"":14,""min"":360},{""name"":""Card B"",""balance"":5500,""apr"":26,""min"":140}],""budget"":1430}"
300,utilization,"Pay this much before your statement closes ($2,200 on $2,500)","{""balance"":2200,""limit"":2500}"
301,min_trap,"The minimum payment trap on $7,500 of credit card debt","{""balance"":7500,""apr"":23,""min_pct"":1,""min_floor"":25}"
302,extra_payment,"Add $100 a month to a $7,750 balance. Watch what happens","{""balance"":7750,""apr"":24,""payment"":280,""extra"":100}"
303,snowball_vs_avalanche,"5 debts, $48,200 total. Snowball or Avalanche?","{""debts"":[{""name"":""Card B"",""balance"":8700,""apr"":15,""min"":220},{""name"":""Store card"",""balance"":14000,""apr"":22,""min"":350},{""name"":""Card A"",""balance"":4600,""apr"":29,""min"":115},{""name"":""Card C"",""balance"":8100,""apr"":16,""min"":200},{""name"":""Card D"",""balance"":12800,""apr"":26,""min"":320}],""budget"":1405}"
304,utilization,64% credit utilization? Here is the fix,"{""balance"":12800,""limit"":20000}"
305,min_trap,"$20,000 at 24% APR, minimum payments only. Brutal math","{""balance"":20000,""apr"":24,""min_pct"":1,""min_floor"":25}"
306,extra_payment,"$9,500 at 28%: paying $330 vs $580 a month","{""balance"":9500,""apr"":28,""payment"":330,""extra"":250}"
307,snowball_vs_avalanche,"Debt Snowball vs Avalanche: the real numbers on $24,400","{""debts"":[{""name"":""Card A"",""balance"":14700,""apr"":27,""min"":370},{""name"":""Card C"",""balance"":5200,""apr"":19,""min"":130},{""name"":""Card D"",""balance"":600,""apr"":24,""min"":25},{""name"":""Personal loan"",""balance"":3900,""apr"":20,""min"":100}],""budget"":825}"
308,utilization,"Pay this much before your statement closes ($9,700 on $12,000)","{""balance"":9700,""limit"":12000}"
309,min_trap,"The minimum payment trap on $1,250 of credit card debt","{""balance"":1250,""apr"":25,""min_pct"":1,""min_floor"":25}"
310,extra_payment,"How $300 extra per month kills $35,000 of debt faster","{""balance"":35000,""apr"":15,""payment"":1230,""extra"":300}"
311,snowball_vs_avalanche,"3 debts, $20,000 total. Snowball or Avalanche?","{""debts"":[{""name"":""Card C"",""balance"":10500,""apr"":21,""min"":260},{""name"":""Personal loan"",""balance"":5800,""apr"":19,""min"":145},{""name"":""Store card"",""balance"":3700,""apr"":16,""min"":90}],""budget"":795}"
312,utilization,"Pay this much before your statement closes ($6,150 on $7,500)","{""balance"":6150,""limit"":7500}"
313,min_trap,"$20,250 at 28% APR, minimum payments only. Brutal math","{""balance"":20250,""apr"":28,""min_pct"":1,""min_floor"":25}"
314,extra_payment,"The $50 trick that saves months on $26,750 of debt","{""balance"":26750,""apr"":23,""payment"":950,""extra"":50}"
315,snowball_vs_avalanche,"Debt Snowball vs Avalanche: the real numbers on $22,400","{""debts"":[{""name"":""Card A"",""balance"":13600,""apr"":18,""min"":340},{""name"":""Personal loan"",""balance"":8800,""apr"":16,""min"":220}],""budget"":710}"
316,utilization,"Your $6,300 balance on a $10,000 limit is hurting your score","{""balance"":6300,""limit"":10000}"
317,min_trap,"What the minimum payment really costs on $17,250","{""balance"":17250,""apr"":26,""min_pct"":1,""min_floor"":25}"
318,extra_payment,"$25,000 at 29%: paying $820 vs $845 a month","{""balance"":25000,""apr"":29,""payment"":820,""extra"":25}"
319,snowball_vs_avalanche,"Snowball vs Avalanche on $26,900. Which wins?","{""debts"":[{""name"":""Personal loan"",""balance"":8700,""apr"":29,""min"":220},{""name"":""Card C"",""balance"":7200,""apr"":21,""min"":180},{""name"":""Card D"",""balance"":11000,""apr"":24,""min"":275}],""budget"":875}"
320,utilization,"Pay this much before your statement closes ($9,600 on $20,000)","{""balance"":9600,""limit"":20000}"
321,min_trap,"Paying only the minimum on $17,750 takes HOW long?","{""balance"":17750,""apr"":23,""min_pct"":1,""min_floor"":25}"
322,extra_payment,"$46,750 credit card debt at 16% APR? Do this","{""balance"":46750,""apr"":16,""payment"":1860,""extra"":300}"
323,snowball_vs_avalanche,"Debt Snowball vs Avalanche: the real numbers on $33,500","{""debts"":[{""name"":""Card C"",""balance"":14700,""apr"":25,""min"":370},{""name"":""Card B"",""balance"":5900,""apr"":24,""min"":150},{""name"":""Personal loan"",""balance"":7000,""apr"":24,""min"":175},{""name"":""Store card"",""balance"":5900,""apr"":29,""min"":150}],""budget"":995}"
324,utilization,"Pay this much before your statement closes ($700 on $1,500)","{""balance"":700,""limit"":1500}"
325,min_trap,"$10,500 at 17% APR, minimum payments only. Brutal math","{""balance"":10500,""apr"":17,""min_pct"":1,""min_floor"":25}"
326,extra_payment,"$42,000 at 27%: paying $1,060 vs $1,210 a month","{""balance"":42000,""apr"":27,""payment"":1060,""extra"":150}"
327,snowball_vs_avalanche,"Smallest balance first or highest APR first? $23,100 test","{""debts"":[{""name"":""Personal loan"",""balance"":5500,""apr"":20,""min"":140},{""name"":""Card C"",""balance"":3200,""apr"":15,""min"":80},{""name"":""Card B"",""balance"":1000,""apr"":25,""min"":25},{""name"":""Card A"",""balance"":9400,""apr"":12,""min"":235},{""name"":""Card D"",""balance"":4000,""apr"":14,""min"":100}],""budget"":680}"
328,utilization,"Pay this much before your statement closes ($650 on $1,000)","{""balance"":650,""limit"":1000}"
329,min_trap,"Paying only the minimum on $17,250 takes HOW long?","{""balance"":17250,""apr"":28,""min_pct"":1,""min_floor"":25}"
330,extra_payment,"The $75 trick that saves months on $11,750 of debt","{""balance"":11750,""apr"":28,""payment"":430,""extra"":75}"
331,snowball_vs_avalanche,"Snowball vs Avalanche on $31,600. Which wins?","{""debts"":[{""name"":""Card B"",""balance"":9200,""apr"":22,""min"":230},{""name"":""Personal loan"",""balance"":3900,""apr"":16,""min"":100},{""name"":""Store card"",""balance"":14800,""apr"":28,""min"":370},{""name"":""Card C"",""balance"":3700,""apr"":21,""min"":90}],""budget"":990}"
332,utilization,"Your $6,600 balance on a $10,000 limit is hurting your score","{""balance"":6600,""limit"":10000}"
333,min_trap,"Why your $24,250 card balance never goes down","{""balance"":24250,""apr"":25,""min_pct"":1,""min_floor"":25}"
334,extra_payment,"Add $250 a month to a $39,500 balance. Watch what happens","{""balance"":39500,""apr"":20,""payment"":1400,""extra"":250}"
335,snowball_vs_avalanche,"Debt Snowball vs Avalanche: the real numbers on $19,100","{""debts"":[{""name"":""Card C"",""balance"":3400,""apr"":14,""min"":85},{""name"":""Card B"",""balance"":13900,""apr"":23,""min"":350},{""name"":""Store card"",""balance"":1800,""apr"":18,""min"":45}],""budget"":580}"
336,utilization,"Pay this much before your statement closes ($3,900 on $5,000)","{""balance"":3900,""limit"":5000}"
337,min_trap,"Paying only the minimum on $15,500 takes HOW long?","{""balance"":15500,""apr"":28,""min_pct"":1,""min_floor"":25}"
338,extra_payment,"Add $175 a month to a $10,250 balance. Watch what happens","{""balance"":10250,""apr"":27,""payment"":350,""extra"":175}"
339,snowball_vs_avalanche,"2 debts, $15,500 total. Snowball or Avalanche?","{""debts"":[{""name"":""Personal loan"",""balance"":11200,""apr"":12,""min"":280},{""name"":""Card B"",""balance"":4300,""apr"":25,""min"":110}],""budget"":590}"
340,utilization,"Pay this much before your statement closes ($850 on $2,000)","{""balance"":850,""limit"":2000}"
341,min_trap,"What the minimum payment really costs on $12,750","{""balance"":12750,""apr"":29,""min_pct"":1,""min_floor"":25}"
342,extra_payment,"$47,250 at 25%: paying $1,220 vs $1,245 a month","{""balance"":47250,""apr"":25,""payment"":1220,""extra"":25}"
343,snowball_vs_avalanche,"Debt Snowball vs Avalanche: the real numbers on $9,200","{""debts"":[{""name"":""Card A"",""balance"":8500,""apr"":12,""min"":210},{""name"":""Personal loan"",""balance"":700,""apr"":20,""min"":25}],""budget"":635}"
344,utilization,"The credit utilization math on a $1,000 limit","{""balance"":650,""limit"":1000}"
345,min_trap,"$20,250 at 29% APR, minimum payments only. Brutal math","{""balance"":20250,""apr"":29,""min_pct"":1,""min_floor"":25}"
346,extra_payment,"Add $100 a month to a $6,250 balance. Watch what happens","{""balance"":6250,""apr"":16,""payment"":210,""extra"":100}"
347,snowball_vs_avalanche,"Snowball vs Avalanche on $32,800. Which wins?","{""debts"":[{""name"":""Store card"",""balance"":5900,""apr"":24,""min"":150},{""name"":""Card D"",""balance"":7200,""apr"":19,""min"":180},{""name"":""Card C"",""balance"":14900,""apr"":19,""min"":370},{""name"":""Card A"",""balance"":4800,""apr"":14,""min"":120}],""budget"":1320}"
348,utilization,"The credit utilization math on a $5,000 limit","{""balance"":3500,""limit"":5000}"
349,min_trap,"$2,250 at 15% APR, minimum payments only. Brutal math","{""balance"":2250,""apr"":15,""min_pct"":1,""min_floor"":25}"
350,extra_payment,"The $75 trick that saves months on $5,000 of debt","{""balance"":5000,""apr"":28,""payment"":160,""extra"":75}"
351,snowball_vs_avalanche,"Debt Snowball vs Avalanche: the real numbers on $8,200","{""debts"":[{""name"":""Personal loan"",""balance"":3800,""apr"":27,""min"":95},{""name"":""Card A"",""balance"":4400,""apr"":14,""min"":110}],""budget"":705}"
352,utilization,"Your $7,100 balance on a $10,000 limit is hurting your score","{""balance"":7100,""limit"":10000}"
353,min_trap,"What the minimum payment really costs on $1,500","{""balance"":1500,""apr"":18,""min_pct"":1,""min_floor"":25}"
354,extra_payment,"$8,000 credit card debt at 28% APR? Do this","{""balance"":8000,""apr"":28,""payment"":290,""extra"":250}"
355,snowball_vs_avalanche,"Debt Snowball vs Avalanche: the real numbers on $40,200","{""debts"":[{""name"":""Card B"",""balance"":12600,""apr"":24,""min"":315},{""name"":""Personal loan"",""balance"":10300,""apr"":29,""min"":260},{""name"":""Card D"",""balance"":5300,""apr"":16,""min"":130},{""name"":""Store card"",""balance"":12000,""apr"":14,""min"":300}],""budget"":1405}"
356,utilization,"Your $2,200 balance on a $2,500 limit is hurting your score","{""balance"":2200,""limit"":2500}"
357,min_trap,"$23,500 at 21% APR, minimum payments only. Brutal math","{""balance"":23500,""apr"":21,""min_pct"":1,""min_floor"":25}"
358,extra_payment,"How $500 extra per month kills $34,250 of debt faster","{""balance"":34250,""apr"":25,""payment"":1050,""extra"":500}"
359,snowball_vs_avalanche,"Snowball vs Avalanche on $26,400. Which wins?","{""debts"":[{""name"":""Card D"",""balance"":4400,""apr"":24,""min"":110},{""name"":""Card A"",""balance"":10800,""apr"":16,""min"":270},{""name"":""Personal loan"",""balance"":11200,""apr"":22,""min"":280}],""budget"":860}"
360,utilization,33% credit utilization? Here is the fix,"{""balance"":500,""limit"":1500}"
361,min_trap,"The minimum payment trap on $11,750 of credit card debt","{""balance"":11750,""apr"":27,""min_pct"":1,""min_floor"":25}"
362,extra_payment,"How $50 extra per month kills $28,250 of debt faster","{""balance"":28250,""apr"":21,""payment"":750,""extra"":50}"
363,snowball_vs_avalanche,"3 debts, $17,300 total. Snowball or Avalanche?","{""debts"":[{""name"":""Personal loan"",""balance"":10400,""apr"":17,""min"":260},{""name"":""Card D"",""balance"":2500,""apr"":21,""min"":60},{""name"":""Card B"",""balance"":4400,""apr"":16,""min"":110}],""budget"":530}"
364,utilization,"Your $1,950 balance on a $3,000 limit is hurting your score","{""balance"":1950,""limit"":3000}"
365,min_trap,"Why your $9,750 card balance never goes down","{""balance"":9750,""apr"":18,""min_pct"":1,""min_floor"":25}"
366,extra_payment,"How $75 extra per month kills $30,000 of debt faster","{""balance"":30000,""apr"":18,""payment"":960,""extra"":75}"
367,snowball_vs_avalanche,"Debt Snowball vs Avalanche: the real numbers on $24,900","{""debts"":[{""name"":""Card C"",""balance"":12700,""apr"":24,""min"":320},{""name"":""Store card"",""balance"":12200,""apr"":22,""min"":305}],""budget"":925}"
368,utilization,"Pay this much before your statement closes ($4,350 on $5,000)","{""balance"":4350,""limit"":5000}"
369,min_trap,"What the minimum payment really costs on $4,250","{""balance"":4250,""apr"":20,""min_pct"":1,""min_floor"":25}"
370,extra_payment,"$47,500 at 18%: paying $1,530 vs $1,605 a month","{""balance"":47500,""apr"":18,""payment"":1530,""extra"":75}"
371,snowball_vs_avalanche,"3 debts, $32,400 total. Snowball or Avalanche?","{""debts"":[{""name"":""Card C"",""balance"":12400,""apr"":25,""min"":310},{""name"":""Store card"",""balance"":10300,""apr"":16,""min"":260},{""name"":""Card A"",""balance"":9700,""apr"":19,""min"":240}],""budget"":1010}"
372,utilization,"Pay this much before your statement closes ($950 on $1,500)","{""balance"":950,""limit"":1500}"
373,min_trap,"Why your $13,250 card balance never goes down","{""balance"":13250,""apr"":29,""min_pct"":1,""min_floor"":25}"
374,extra_payment,"The $400 trick that saves months on $27,750 of debt","{""balance"":27750,""apr"":27,""payment"":1100,""extra"":400}"
375,snowball_vs_avalanche,"Smallest balance first or highest APR first? $31,500 test","{""debts"":[{""name"":""Card C"",""balance"":4300,""apr"":28,""min"":110},{""name"":""Card A"",""balance"":11300,""apr"":29,""min"":280},{""name"":""Personal loan"",""balance"":8900,""apr"":19,""min"":220},{""name"":""Card D"",""balance"":7000,""apr"":24,""min"":175}],""budget"":1085}"
376,utilization,54% credit utilization? Here is the fix,"{""balance"":2150,""limit"":4000}"
377,min_trap,"What the minimum payment really costs on $12,000","{""balance"":12000,""apr"":18,""min_pct"":1,""min_floor"":25}"
378,extra_payment,"How $300 extra per month kills $24,750 of debt faster","{""balance"":24750,""apr"":22,""payment"":650,""extra"":300}"
379,snowball_vs_avalanche,"Snowball vs Avalanche on $13,000. Which wins?","{""debts"":[{""name"":""Store card"",""balance"":12200,""apr"":15,""min"":305},{""name"":""Card A"",""balance"":800,""apr"":22,""min"":25}],""budget"":830}"
380,utilization,"How much to pay to get under 30% utilization on a $15,000 card","{""balance"":12900,""limit"":15000}"
381,min_trap,"$23,250 at 26% APR, minimum payments only. Brutal math","{""balance"":23250,""apr"":26,""min_pct"":1,""min_floor"":25}"
382,extra_payment,"$26,250 at 23%: paying $720 vs $1,120 a month","{""balance"":26250,""apr"":23,""payment"":720,""extra"":400}"
383,snowball_vs_avalanche,"3 debts, $14,600 total. Snowball or Avalanche?","{""debts"":[{""name"":""Card D"",""balance"":10200,""apr"":22,""min"":255},{""name"":""Store card"",""balance"":2200,""apr"":21,""min"":55},{""name"":""Card A"",""balance"":2200,""apr"":23,""min"":55}],""budget"":865}"
384,utilization,"The credit utilization math on a $10,000 limit","{""balance"":5900,""limit"":10000}"
385,min_trap,"Why your $15,250 card balance never goes down","{""balance"":15250,""apr"":24,""min_pct"":1,""min_floor"":25}"
386,extra_payment,"The $75 trick that saves months on $21,750 of debt","{""balance"":21750,""apr"":22,""payment"":750,""extra"":75}"
387,snowball_vs_avalanche,"3 debts, $27,000 total. Snowball or Avalanche?","{""debts"":[{""name"":""Card C"",""balance"":3200,""apr"":26,""min"":80},{""name"":""Store card"",""balance"":9500,""apr"":23,""min"":240},{""name"":""Card B"",""balance"":14300,""apr"":27,""min"":360}],""budget"":830}"
388,utilization,"Pay this much before your statement closes ($3,500 on $5,000)","{""balance"":3500,""limit"":5000}"
389,min_trap,"Why your $16,750 card balance never goes down","{""balance"":16750,""apr"":21,""min_pct"":1,""min_floor"":25}"
390,extra_payment,"$21,250 credit card debt at 28% APR? Do this","{""balance"":21250,""apr"":28,""payment"":670,""extra"":75}"
391,snowball_vs_avalanche,"5 debts, $45,100 total. Snowball or Avalanche?","{""debts"":[{""name"":""Personal loan"",""balance"":4400,""apr"":29,""min"":110},{""name"":""Card D"",""balance"":12400,""apr"":23,""min"":310},{""name"":""Card A"",""balance"":8400,""apr"":13,""min"":210},{""name"":""Store card"",""balance"":11500,""apr"":26,""min"":290},{""name"":""Card C"",""balance"":8400,""apr"":25,""min"":210}],""budget"":1230}"
392,utilization,"Your $2,700 balance on a $3,000 limit is hurting your score","{""balance"":2700,""limit"":3000}"
393,min_trap,"Paying only the minimum on $11,750 takes HOW long?","{""balance"":11750,""apr"":20,""min_pct"":1,""min_floor"":25}"
394,extra_payment,"Add $100 a month to a $22,500 balance. Watch what happens","{""balance"":22500,""apr"":16,""payment"":820,""extra"":100}"
395,snowball_vs_avalanche,"Debt Snowball vs Avalanche: the real numbers on $35,100","{""debts"":[{""name"":""Card D"",""balance"":9400,""apr"":18,""min"":235},{""name"":""Personal loan"",""balance"":12300,""apr"":13,""min"":310},{""name"":""Card C"",""balance"":8800,""apr"":29,""min"":220},{""name"":""Card A"",""balance"":4600,""apr"":29,""min"":115}],""budget"":1030}"
396,utilization,53% credit utilization? Here is the fix,"{""balance"":10600,""limit"":20000}"
397,min_trap,"What the minimum payment really costs on $14,750","{""balance"":14750,""apr"":28,""min_pct"":1,""min_floor"":25}"
398,extra_payment,"Add $75 a month to a $49,750 balance. Watch what happens","{""balance"":49750,""apr"":28,""payment"":1730,""extra"":75}"
399,snowball_vs_avalanche,"Snowball vs Avalanche on $28,700. Which wins?","{""debts"":[{""name"":""Card D"",""balance"":11500,""apr"":24,""min"":290},{""name"":""Store card"",""balance"":7600,""apr"":20,""min"":190},{""name"":""Card B"",""balance"":9600,""apr"":24,""min"":240}],""budget"":1020}"
400,utilization,"Your $12,750 balance on a $15,000 limit is hurting your score","{""balance"":12750,""limit"":15000}"
401,min_trap,"The minimum payment trap on $10,750 of credit card debt","{""balance"":10750,""apr"":26,""min_pct"":1,""min_floor"":25}"
402,extra_payment,"$29,500 at 28%: paying $1,080 vs $1,130 a month","{""balance"":29500,""apr"":28,""payment"":1080,""extra"":50}"
403,snowball_vs_avalanche,"4 debts, $32,100 total. Snowball or Avalanche?","{""debts"":[{""name"":""Card D"",""balance"":9600,""apr"":26,""min"":240},{""name"":""Card A"",""balance"":700,""apr"":17,""min"":25},{""name"":""Personal loan"",""balance"":6900,""apr"":12,""min"":170},{""name"":""Card C"",""balance"":14900,""apr"":25,""min"":370}],""budget"":955}"
404,utilization,40% credit utilization? Here is the fix,"{""balance"":1200,""limit"":3000}"
405,min_trap,"$7,000 at 20% APR, minimum payments only. Brutal math","{""balance"":7000,""apr"":20,""min_pct"":1,""min_floor"":25}"
406,extra_payment,"$3,500 at 25%: paying $100 vs $200 a month","{""balance"":3500,""apr"":25,""payment"":100,""extra"":100}"
407,snowball_vs_avalanche,"2 debts, $22,900 total. Snowball or Avalanche?","{""debts"":[{""name"":""Card A"",""balance"":12300,""apr"":25,""min"":310},{""name"":""Store card"",""balance"":10600,""apr"":27,""min"":265}],""budget"":675}"
408,utilization,"Your $2,000 balance on a $5,000 limit is hurting your score","{""balance"":2000,""limit"":5000}"
409,min_trap,"The minimum payment trap on $3,500 of credit card debt","{""balance"":3500,""apr"":20,""min_pct"":1,""min_floor"":25}"
410,extra_payment,"Add $75 a month to a $7,750 balance. Watch what happens","{""balance"":7750,""apr"":27,""payment"":290,""extra"":75}"
411,snowball_vs_avalanche,"2 debts, $7,500 total. Snowball or Avalanche?","{""debts"":[{""name"":""Personal loan"",""balance"":600,""apr"":17,""min"":25},{""name"":""Card D"",""balance"":6900,""apr"":18,""min"":170}],""budget"":695}"
412,utilization,"Your $1,000 balance on a $2,500 limit is hurting your score","{""balance"":1000,""limit"":2500}"
413,min_trap,"Why your $18,500 card balance never goes down","{""balance"":18500,""apr"":20,""min_pct"":1,""min_floor"":25}"
414,extra_payment,"Add $50 a month to a $16,500 balance. Watch what happens","{""balance"":16500,""apr"":17,""payment"":470,""extra"":50}"
415,snowball_vs_avalanche,"Debt Snowball vs Avalanche: the real numbers on $18,000","{""debts"":[{""name"":""Card B"",""balance"":9800,""apr"":14,""min"":245},{""name"":""Card C"",""balance"":8200,""apr"":12,""min"":205}],""budget"":650}"
416,utilization,"Pay this much before your statement closes ($1,200 on $2,000)","{""balance"":1200,""limit"":2000}"
417,min_trap,"$11,000 at 23% APR, minimum payments only. Brutal math","{""balance"":11000,""apr"":23,""min_pct"":1,""min_floor"":25}"
418,extra_payment,"$38,250 credit card debt at 27% APR? Do this","{""balance"":38250,""apr"":27,""payment"":1000,""extra"":500}"
419,snowball_vs_avalanche,"Debt Snowball vs Avalanche: the real numbers on $15,400","{""debts"":[{""name"":""Store card"",""balance"":1100,""apr"":13,""min"":30},{""name"":""Card B"",""balance"":14300,""apr"":24,""min"":360}],""budget"":790}"
420,utilization,"Pay this much before your statement closes ($12,000 on $15,000)","{""balance"":12000,""limit"":15000}"
421,min_trap,"Why your $19,500 card balance never goes down","{""balance"":19500,""apr"":21,""min_pct"":1,""min_floor"":25}"
422,extra_payment,"How $75 extra per month kills $5,000 of debt faster","{""balance"":5000,""apr"":23,""payment"":170,""extra"":75}"
423,snowball_vs_avalanche,"Debt Snowball vs Avalanche: the real numbers on $22,500","{""debts"":[{""name"":""Store card"",""balance"":7900,""apr"":18,""min"":200},{""name"":""Card A"",""balance"":14600,""apr"":16,""min"":365}],""budget"":965}"
424,utilization,"Your $3,600 balance on a $5,000 limit is hurting your score","{""balance"":3600,""limit"":5000}"
425,min_trap,"$8,500 at 21% APR, minimum payments only. Brutal math","{""balance"":8500,""apr"":21,""min_pct"":1,""min_floor"":25}"
426,extra_payment,"$3,750 at 16%: paying $150 vs $200 a month","{""balance"":3750,""apr"":16,""payment"":150,""extra"":50}"
427,snowball_vs_avalanche,"Debt Snowball vs Avalanche: the real numbers on $12,900","{""debts"":[{""name"":""Store card"",""balance"":2200,""apr"":16,""min"":55},{""name"":""Card B"",""balance"":10700,""apr"":17,""min"":270}],""budget"":625}"
428,utilization,84% credit utilization? Here is the fix,"{""balance"":16800,""limit"":20000}"
429,min_trap,"Paying only the minimum on $18,500 takes HOW long?","{""balance"":18500,""apr"":16,""min_pct"":1,""min_floor"":25}"
430,extra_payment,"How $50 extra per month kills $17,500 of debt faster","{""balance"":17500,""apr"":21,""payment"":510,""extra"":50}"
431,snowball_vs_avalanche,"2 debts, $15,600 total. Snowball or Avalanche?","{""debts"":[{""name"":""Card C"",""balance"":7900,""apr"":13,""min"":200},{""name"":""Card D"",""balance"":7700,""apr"":17,""min"":190}],""budget"":590}"
432,utilization,"Your $2,500 balance on a $3,000 limit is hurting your score","{""balance"":2500,""limit"":3000}"
433,min_trap,"Paying only the minimum on $22,500 takes HOW long?","{""balance"":22500,""apr"":25,""min_pct"":1,""min_floor"":25}"
434,extra_payment,"Add $25 a month to a $12,250 balance. Watch what happens","{""balance"":12250,""apr"":23,""payment"":310,""extra"":25}"
435,snowball_vs_avalanche,"Snowball vs Avalanche on $27,000. Which wins?","{""debts"":[{""name"":""Store card"",""balance"":13800,""apr"":22,""min"":345},{""name"":""Card B"",""balance"":4400,""apr"":14,""min"":110},{""name"":""Card C"",""balance"":8800,""apr"":15,""min"":220}],""budget"":1075}"
436,utilization,"Pay this much before your statement closes ($1,000 on $2,000)","{""balance"":1000,""limit"":2000}"
437,min_trap,"Paying only the minimum on $24,500 takes HOW long?","{""balance"":24500,""apr"":21,""min_pct"":1,""min_floor"":25}"
438,extra_payment,"How $150 extra per month kills $44,000 of debt faster","{""balance"":44000,""apr"":28,""payment"":1290,""extra"":150}"
439,snowball_vs_avalanche,"Snowball vs Avalanche on $37,600. Which wins?","{""debts"":[{""name"":""Card C"",""balance"":15000,""apr"":18,""min"":375},{""name"":""Store card"",""balance"":11100,""apr"":29,""min"":280},{""name"":""Card D"",""balance"":11500,""apr"":19,""min"":290}],""budget"":1095}"
440,utilization,"Your $5,700 balance on a $10,000 limit is hurting your score","{""balance"":5700,""limit"":10000}"
441,min_trap,"The minimum payment trap on $21,500 of credit card debt","{""balance"":21500,""apr"":26,""min_pct"":1,""min_floor"":25}"
442,extra_payment,"$6,000 at 23%: paying $240 vs $365 a month","{""balance"":6000,""apr"":23,""payment"":240,""extra"":125}"
443,snowball_vs_avalanche,"Debt Snowball vs Avalanche: the real numbers on $15,300","{""debts"":[{""name"":""Card B"",""balance"":1800,""apr"":19,""min"":45},{""name"":""Store card"",""balance"":13500,""apr"":28,""min"":340}],""budget"":685}"
444,utilization,"Your $6,150 balance on a $7,500 limit is hurting your score","{""balance"":6150,""limit"":7500}"
445,min_trap,"$15,000 at 23% APR, minimum payments only. Brutal math","{""balance"":15000,""apr"":23,""min_pct"":1,""min_floor"":25}"
446,extra_payment,"$32,250 credit card debt at 21% APR? Do this","{""balance"":32250,""apr"":21,""payment"":840,""extra"":500}"
447,snowball_vs_avalanche,"Snowball vs Avalanche on $35,000. Which wins?","{""debts"":[{""name"":""Card D"",""balance"":12800,""apr"":24,""min"":320},{""name"":""Card B"",""balance"":10700,""apr"":22,""min"":270},{""name"":""Personal loan"",""balance"":5100,""apr"":20,""min"":130},{""name"":""Card C"",""balance"":3900,""apr"":18,""min"":100},{""name"":""Store card"",""balance"":2500,""apr"":15,""min"":60}],""budget"":1030}"
448,utilization,"Your $2,450 balance on a $4,000 limit is hurting your score","{""balance"":2450,""limit"":4000}"
449,min_trap,"$13,750 at 27% APR, minimum payments only. Brutal math","{""balance"":13750,""apr"":27,""min_pct"":1,""min_floor"":25}"
450,extra_payment,"$23,250 credit card debt at 22% APR? Do this","{""balance"":23250,""apr"":22,""payment"":670,""extra"":50}"
451,snowball_vs_avalanche,"Snowball vs Avalanche on $20,800. Which wins?","{""debts"":[{""name"":""Card D"",""balance"":3600,""apr"":22,""min"":90},{""name"":""Store card"",""balance"":2700,""apr"":19,""min"":70},{""name"":""Card A"",""balance"":14500,""apr"":24,""min"":360}],""budget"":920}"
452,utilization,"Pay this much before your statement closes ($5,250 on $7,500)","{""balance"":5250,""limit"":7500}"
453,min_trap,"Paying only the minimum on $7,000 takes HOW long?","{""balance"":7000,""apr"":22,""min_pct"":1,""min_floor"":25}"
454,extra_payment,"How $250 extra per month kills $41,750 of debt faster","{""balance"":41750,""apr"":18,""payment"":1130,""extra"":250}"
455,snowball_vs_avalanche,"Snowball vs Avalanche on $14,700. Which wins?","{""debts"":[{""name"":""Card A"",""balance"":1100,""apr"":26,""min"":30},{""name"":""Store card"",""balance"":1200,""apr"":25,""min"":30},{""name"":""Card D"",""balance"":12400,""apr"":24,""min"":310}],""budget"":670}"
456,utilization,52% credit utilization? Here is the fix,"{""balance"":1050,""limit"":2000}"
457,min_trap,"$15,750 at 24% APR, minimum payments only. Brutal math","{""balance"":15750,""apr"":24,""min_pct"":1,""min_floor"":25}"
458,extra_payment,"$32,750 at 22%: paying $1,020 vs $1,420 a month","{""balance"":32750,""apr"":22,""payment"":1020,""extra"":400}"
459,snowball_vs_avalanche,"Smallest balance first or highest APR first? $9,500 test","{""debts"":[{""name"":""Card A"",""balance"":6100,""apr"":25,""min"":150},{""name"":""Store card"",""balance"":3400,""apr"":28,""min"":85}],""budget"":385}"
460,utilization,"Pay this much before your statement closes ($3,700 on $4,000)","{""balance"":3700,""limit"":4000}"
461,min_trap,"What the minimum payment really costs on $5,250","{""balance"":5250,""apr"":20,""min_pct"":1,""min_floor"":25}"
462,extra_payment,"$11,750 credit card debt at 29% APR? Do this","{""balance"":11750,""apr"":29,""payment"":440,""extra"":150}"
463,snowball_vs_avalanche,"5 debts, $34,500 total. Snowball or Avalanche?","{""debts"":[{""name"":""Personal loan"",""balance"":4100,""apr"":19,""min"":100},{""name"":""Store card"",""balance"":4400,""apr"":13,""min"":110},{""name"":""Card B"",""balance"":11600,""apr"":19,""min"":290},{""name"":""Card A"",""balance"":8800,""apr"":24,""min"":220},{""name"":""Card D"",""balance"":5600,""apr"":17,""min"":140}],""budget"":1010}"
464,utilization,55% credit utilization? Here is the fix,"{""balance"":6600,""limit"":12000}"
465,min_trap,"The minimum payment trap on $23,000 of credit card debt","{""balance"":23000,""apr"":15,""min_pct"":1,""min_floor"":25}"
466,extra_payment,"$47,500 at 24%: paying $1,290 vs $1,390 a month","{""balance"":47500,""apr"":24,""payment"":1290,""extra"":100}"
467,snowball_vs_avalanche,"4 debts, $14,800 total. Snowball or Avalanche?","{""debts"":[{""name"":""Card B"",""balance"":1300,""apr"":19,""min"":30},{""name"":""Card C"",""balance"":800,""apr"":27,""min"":25},{""name"":""Card A"",""balance"":500,""apr"":18,""min"":25},{""name"":""Personal loan"",""balance"":12200,""apr"":22,""min"":305}],""budget"":885}"
468,utilization,"Your $1,500 balance on a $4,000 limit is hurting your score","{""balance"":1500,""limit"":4000}"
469,min_trap,"$4,500 at 26% APR, minimum payments only. Brutal math","{""balance"":4500,""apr"":26,""min_pct"":1,""min_floor"":25}"
470,extra_payment,"$39,000 credit card debt at 28% APR? Do this","{""balance"":39000,""apr"":28,""payment"":1280,""extra"":200}"
471,snowball_vs_avalanche,"Smallest balance first or highest APR first? $41,400 test","{""debts"":[{""name"":""Card D"",""balance"":4900,""apr"":16,""min"":120},{""name"":""Card C"",""balance"":14600,""apr"":25,""min"":365},{""name"":""Card A"",""balance"":12000,""apr"":27,""min"":300},{""name"":""Card B"",""balance"":9900,""apr"":17,""min"":250}],""budget"":1535}"
472,utilization,"Pay this much before your statement closes ($18,200 on $20,000)","{""balance"":18200,""limit"":20000}"
473,min_trap,"What the minimum payment really costs on $20,000","{""balance"":20000,""apr"":18,""min_pct"":1,""min_floor"":25}"
474,extra_payment,"Add $150 a month to a $41,000 balance. Watch what happens","{""balance"":41000,""apr"":21,""payment"":1210,""extra"":150}"
475,snowball_vs_avalanche,"Smallest balance first or highest APR first? $29,800 test","{""debts"":[{""name"":""Card D"",""balance"":12800,""apr"":13,""min"":320},{""name"":""Card A"",""balance"":3100,""apr"":22,""min"":80},{""name"":""Card C"",""balance"":13900,""apr"":19,""min"":350}],""budget"":1250}"
476,utilization,"Your $1,100 balance on a $2,000 limit is hurting your score","{""balance"":1100,""limit"":2000}"
477,min_trap,"$6,750 at 20% APR, minimum payments only. Brutal math","{""balance"":6750,""apr"":20,""min_pct"":1,""min_floor"":25}"
478,extra_payment,"$32,250 at 16%: paying $1,200 vs $1,400 a month","{""balance"":32250,""apr"":16,""payment"":1200,""extra"":200}"
479,snowball_vs_avalanche,"Snowball vs Avalanche on $9,700. Which wins?","{""debts"":[{""name"":""Store card"",""balance"":4100,""apr"":14,""min"":100},{""name"":""Card B"",""balance"":5600,""apr"":15,""min"":140}],""budget"":740}"
480,utilization,"Your $1,250 balance on a $2,000 limit is hurting your score","{""balance"":1250,""limit"":2000}"
481,min_trap,"The minimum payment trap on $20,250 of credit card debt","{""balance"":20250,""apr"":15,""min_pct"":1,""min_floor"":25}"
482,extra_payment,"How $50 extra per month kills $2,000 of debt faster","{""balance"":2000,""apr"":19,""payment"":80,""extra"":50}"
483,snowball_vs_avalanche,"3 debts, $24,500 total. Snowball or Avalanche?","{""debts"":[{""name"":""Card C"",""balance"":8400,""apr"":14,""min"":210},{""name"":""Card B"",""balance"":5400,""apr"":27,""min"":135},{""name"":""Card A"",""balance"":10700,""apr"":25,""min"":270}],""budget"":1115}"
484,utilization,"Your $750 balance on a $2,000 limit is hurting your score","{""balance"":750,""limit"":2000}"
485,min_trap,"Why your $9,000 card balance never goes down","{""balance"":9000,""apr"":18,""min_pct"":1,""min_floor"":25}"
486,extra_payment,"How $400 extra per month kills $35,250 of debt faster","{""balance"":35250,""apr"":26,""payment"":1370,""extra"":400}"
487,snowball_vs_avalanche,"Smallest balance first or highest APR first? $26,900 test","{""debts"":[{""name"":""Store card"",""balance"":6200,""apr"":29,""min"":155},{""name"":""Card B"",""balance"":12700,""apr"":16,""min"":320},{""name"":""Card A"",""balance"":1300,""apr"":12,""min"":30},{""name"":""Card C"",""balance"":6700,""apr"":21,""min"":170}],""budget"":1275}"
488,utilization,"Your $3,500 balance on a $7,500 limit is hurting your score","{""balance"":3500,""limit"":7500}"
489,min_trap,"The minimum payment trap on $1,500 of credit card debt","{""balance"":1500,""apr"":17,""min_pct"":1,""min_floor"":25}"
490,extra_payment,"$49,000 at 22%: paying $1,850 vs $2,000 a month","{""balance"":49000,""apr"":22,""payment"":1850,""extra"":150}"
491,snowball_vs_avalanche,"Snowball vs Avalanche on $30,000. Which wins?","{""debts"":[{""name"":""Card C"",""balance"":3200,""apr"":24,""min"":80},{""name"":""Store card"",""balance"":5900,""apr"":26,""min"":150},{""name"":""Card A"",""balance"":1100,""apr"":26,""min"":30},{""name"":""Personal loan"",""balance"":7200,""apr"":19,""min"":180},{""name"":""Card B"",""balance"":12600,""apr"":13,""min"":315}],""budget"":905}"
492,utilization,"Pay this much before your statement closes ($6,100 on $10,000)","{""balance"":6100,""limit"":10000}"
493,min_trap,"What the minimum payment really costs on $20,750","{""balance"":20750,""apr"":21,""min_pct"":1,""min_floor"":25}"
494,extra_payment,"$34,750 at 29%: paying $1,120 vs $1,220 a month","{""balance"":34750,""apr"":29,""payment"":1120,""extra"":100}"
495,snowball_vs_avalanche,"4 debts, $26,100 total. Snowball or Avalanche?","{""debts"":[{""name"":""Card A"",""balance"":8800,""apr"":28,""min"":220},{""name"":""Card C"",""balance"":12100,""apr"":16,""min"":300},{""name"":""Card D"",""balance"":2200,""apr"":26,""min"":55},{""name"":""Store card"",""balance"":3000,""apr"":17,""min"":75}],""budget"":800}"
496,utilization,51% credit utilization? Here is the fix,"{""balance"":6100,""limit"":12000}"
497,min_trap,"Paying only the minimum on $22,750 takes HOW long?","{""balance"":22750,""apr"":29,""min_pct"":1,""min_floor"":25}"
498,extra_payment,"How $75 extra per month kills $5,250 of debt faster","{""balance"":5250,""apr"":23,""payment"":160,""extra"":75}"
499,snowball_vs_avalanche,"Smallest balance first or highest APR first? $46,100 test","{""debts"":[{""name"":""Card A"",""balance"":2700,""apr"":15,""min"":70},{""name"":""Personal loan"",""balance"":13900,""apr"":15,""min"":350},{""name"":""Card C"",""balance"":11900,""apr"":29,""min"":300},{""name"":""Card D"",""balance"":13300,""apr"":25,""min"":330},{""name"":""Card B"",""balance"":4300,""apr"":27,""min"":110}],""budget"":1560}"
500,utilization,"Your $10,000 balance on a $20,000 limit is hurting your score","{""balance"":10000,""limit"":20000}"
501,min_trap,"The minimum payment trap on $19,000 of credit card debt","{""balance"":19000,""apr"":29,""min_pct"":1,""min_floor"":25}"
502,extra_payment,"How $150 extra per month kills $45,000 of debt faster","{""balance"":45000,""apr"":15,""payment"":1350,""extra"":150}"
503,snowball_vs_avalanche,"3 debts, $29,400 total. Snowball or Avalanche?","{""debts"":[{""name"":""Card C"",""balance"":12400,""apr"":28,""min"":310},{""name"":""Card D"",""balance"":12000,""apr"":14,""min"":300},{""name"":""Store card"",""balance"":5000,""apr"":28,""min"":125}],""budget"":1035}"
504,utilization,"Pay this much before your statement closes ($9,100 on $10,000)","{""balance"":9100,""limit"":10000}"
505,min_trap,"$1,750 at 18% APR, minimum payments only. Brutal math","{""balance"":1750,""apr"":18,""min_pct"":1,""min_floor"":25}"
506,extra_payment,"$46,000 at 26%: paying $1,290 vs $1,490 a month","{""balance"":46000,""apr"":26,""payment"":1290,""extra"":200}"
507,snowball_vs_avalanche,"Snowball vs Avalanche on $36,600. Which wins?","{""debts"":[{""name"":""Card D"",""balance"":7600,""apr"":26,""min"":190},{""name"":""Card A"",""balance"":3100,""apr"":27,""min"":80},{""name"":""Personal loan"",""balance"":9000,""apr"":23,""min"":225},{""name"":""Card C"",""balance"":5500,""apr"":20,""min"":140},{""name"":""Card B"",""balance"":11400,""apr"":14,""min"":285}],""budget"":1120}"
508,utilization,48% credit utilization? Here is the fix,"{""balance"":7200,""limit"":15000}"
509,min_trap,"Paying only the minimum on $16,750 takes HOW long?","{""balance"":16750,""apr"":23,""min_pct"":1,""min_floor"":25}"
510,extra_payment,"Add $300 a month to a $43,250 balance. Watch what happens","{""balance"":43250,""apr"":27,""payment"":1520,""extra"":300}"
511,snowball_vs_avalanche,"Debt Snowball vs Avalanche: the real numbers on $21,600","{""debts"":[{""name"":""Personal loan"",""balance"":4200,""apr"":21,""min"":105},{""name"":""Card A"",""balance"":10800,""apr"":20,""min"":270},{""name"":""Card B"",""balance"":6600,""apr"":24,""min"":165}],""budget"":1140}"
512,utilization,"Pay this much before your statement closes ($4,050 on $7,500)","{""balance"":4050,""limit"":7500}"
513,min_trap,"What the minimum payment really costs on $14,500","{""balance"":14500,""apr"":24,""min_pct"":1,""min_floor"":25}"
514,extra_payment,"How $50 extra per month kills $14,750 of debt faster","{""balance"":14750,""apr"":25,""payment"":390,""extra"":50}"
515,snowball_vs_avalanche,"Smallest balance first or highest APR first? $34,800 test","{""debts"":[{""name"":""Card D"",""balance"":15000,""apr"":20,""min"":375},{""name"":""Card A"",""balance"":13700,""apr"":24,""min"":340},{""name"":""Card C"",""balance"":6100,""apr"":13,""min"":150}],""budget"":1265}"
516,utilization,"Pay this much before your statement closes ($8,550 on $15,000)","{""balance"":8550,""limit"":15000}"
517,min_trap,"What the minimum payment really costs on $8,250","{""balance"":8250,""apr"":17,""min_pct"":1,""min_floor"":25}"
518,extra_payment,"The $150 trick that saves months on $10,000 of debt","{""balance"":10000,""apr"":16,""payment"":320,""extra"":150}"
519,snowball_vs_avalanche,"4 debts, $36,400 total. Snowball or Avalanche?","{""debts"":[{""name"":""Card C"",""balance"":13100,""apr"":14,""min"":330},{""name"":""Card A"",""balance"":7300,""apr"":18,""min"":180},{""name"":""Card D"",""balance"":7800,""apr"":24,""min"":195},{""name"":""Personal loan"",""balance"":8200,""apr"":25,""min"":205}],""budget"":1010}"
520,utilization,67% credit utilization? Here is the fix,"{""balance"":1000,""limit"":1500}"
521,min_trap,"$7,500 at 27% APR, minimum payments only. Brutal math","{""balance"":7500,""apr"":27,""min_pct"":1,""min_floor"":25}"
522,extra_payment,"$7,250 at 21%: paying $250 vs $500 a month","{""balance"":7250,""apr"":21,""payment"":250,""extra"":250}"
523,snowball_vs_avalanche,"5 debts, $41,200 total. Snowball or Avalanche?","{""debts"":[{""name"":""Card C"",""balance"":11100,""apr"":12,""min"":280},{""name"":""Card A"",""balance"":13400,""apr"":28,""min"":335},{""name"":""Personal loan"",""balance"":3300,""apr"":12,""min"":80},{""name"":""Store card"",""balance"":9600,""apr"":19,""min"":240},{""name"":""Card D"",""balance"":3800,""apr"":23,""min"":95}],""budget"":1230}"
524,utilization,"Pay this much before your statement closes ($900 on $1,500)","{""balance"":900,""limit"":1500}"
525,min_trap,"The minimum payment trap on $20,750 of credit card debt","{""balance"":20750,""apr"":19,""min_pct"":1,""min_floor"":25}"
526,extra_payment,"$23,250 at 23%: paying $790 vs $990 a month","{""balance"":23250,""apr"":23,""payment"":790,""extra"":200}"
527,snowball_vs_avalanche,"3 debts, $26,400 total. Snowball or Avalanche?","{""debts"":[{""name"":""Store card"",""balance"":11400,""apr"":17,""min"":285},{""name"":""Card C"",""balance"":14200,""apr"":24,""min"":355},{""name"":""Card D"",""balance"":800,""apr"":19,""min"":25}],""budget"":1165}"
528,utilization,"Your $2,000 balance on a $2,500 limit is hurting your score","{""balance"":2000,""limit"":2500}"
529,min_trap,"Paying only the minimum on $9,750 takes HOW long?","{""balance"":9750,""apr"":25,""min_pct"":1,""min_floor"":25}"
530,extra_payment,"The $400 trick that saves months on $19,500 of debt","{""balance"":19500,""apr"":25,""payment"":560,""extra"":400}"
531,snowball_vs_avalanche,"Smallest balance first or highest APR first? $34,600 test","{""debts"":[{""name"":""Card A"",""balance"":3500,""apr"":12,""min"":90},{""name"":""Personal loan"",""balance"":4900,""apr"":15,""min"":120},{""name"":""Store card"",""balance"":10100,""apr"":20,""min"":250},{""name"":""Card B"",""balance"":9500,""apr"":16,""min"":240},{""name"":""Card D"",""balance"":6600,""apr"":15,""min"":165}],""budget"":1265}"
532,utilization,"Your $800 balance on a $1,500 limit is hurting your score","{""balance"":800,""limit"":1500}"
533,min_trap,"$19,750 at 22% APR, minimum payments only. Brutal math","{""balance"":19750,""apr"":22,""min_pct"":1,""min_floor"":25}"
534,extra_payment,"Add $400 a month to a $30,750 balance. Watch what happens","{""balance"":30750,""apr"":27,""payment"":890,""extra"":400}"
535,snowball_vs_avalanche,"Smallest balance first or highest APR first? $20,800 test","{""debts"":[{""name"":""Card D"",""balance"":1100,""apr"":27,""min"":30},{""name"":""Card C"",""balance"":13700,""apr"":27,""min"":340},{""name"":""Store card"",""balance"":5300,""apr"":12,""min"":130},{""name"":""Card A"",""balance"":700,""apr"":14,""min"":25}],""budget"":625}"
536,utilization,"Your $1,200 balance on a $1,500 limit is hurting your score","{""balance"":1200,""limit"":1500}"
537,min_trap,"$22,750 at 25% APR, minimum payments only. Brutal math","{""balance"":22750,""apr"":25,""min_pct"":1,""min_floor"":25}"
538,extra_payment,"$23,500 credit card debt at 19% APR? Do this","{""balance"":23500,""apr"":19,""payment"":680,""extra"":25}"
539,snowball_vs_avalanche,"3 debts, $20,700 total. Snowball or Avalanche?","{""debts"":[{""name"":""Card A"",""balance"":12100,""apr"":22,""min"":300},{""name"":""Store card"",""balance"":6700,""apr"":15,""min"":170},{""name"":""Personal loan"",""balance"":1900,""apr"":13,""min"":50}],""budget"":620}"
540,utilization,"Your $6,250 balance on a $12,000 limit is hurting your score","{""balance"":6250,""limit"":12000}"
541,min_trap,"$10,000 at 20% APR, minimum payments only. Brutal math","{""balance"":10000,""apr"":20,""min_pct"":1,""min_floor"":25}"
542,extra_payment,"$6,500 at 21%: paying $260 vs $410 a month","{""balance"":6500,""apr"":21,""payment"":260,""extra"":150}"
543,snowball_vs_avalanche,"5 debts, $43,700 total. Snowball or Avalanche?","{""debts"":[{""name"":""Card C"",""balance"":14700,""apr"":17,""min"":370},{""name"":""Card B"",""balance"":2000,""apr"":27,""min"":50},{""name"":""Card A"",""balance"":12100,""apr"":26,""min"":300},{""name"":""Card D"",""balance"":3100,""apr"":24,""min"":80},{""name"":""Store card"",""balance"":11800,""apr"":12,""min"":295}],""budget"":1695}"
544,utilization,"Your $2,800 balance on a $7,500 limit is hurting your score","{""balance"":2800,""limit"":7500}"
545,min_trap,"Paying only the minimum on $7,250 takes HOW long?","{""balance"":7250,""apr"":20,""min_pct"":1,""min_floor"":25}"
546,extra_payment,"The $500 trick that saves months on $35,500 of debt","{""balance"":35500,""apr"":25,""payment"":1170,""extra"":500}"
547,snowball_vs_avalanche,"Snowball vs Avalanche on $17,000. Which wins?","{""debts"":[{""name"":""Card D"",""balance"":6800,""apr"":19,""min"":170},{""name"":""Store card"",""balance"":7500,""apr"":24,""min"":190},{""name"":""Card A"",""balance"":2700,""apr"":29,""min"":70}],""budget"":830}"
548,utilization,"Pay this much before your statement closes ($1,150 on $3,000)","{""balance"":1150,""limit"":3000}"
549,min_trap,"Paying only the minimum on $10,750 takes HOW long?","{""balance"":10750,""apr"":18,""min_pct"":1,""min_floor"":25}"
550,extra_payment,"$23,500 at 27%: paying $790 vs $840 a month","{""balance"":23500,""apr"":27,""payment"":790,""extra"":50}"
551,snowball_vs_avalanche,"Debt Snowball vs Avalanche: the real numbers on $29,000","{""debts"":[{""name"":""Store card"",""balance"":5300,""apr"":27,""min"":130},{""name"":""Card A"",""balance"":10900,""apr"":23,""min"":270},{""name"":""Card B"",""balance"":10900,""apr"":15,""min"":270},{""name"":""Card C"",""balance"":1900,""apr"":19,""min"":50}],""budget"":820}"
552,utilization,88% credit utilization? Here is the fix,"{""balance"":3500,""limit"":4000}"
553,min_trap,"Paying only the minimum on $14,250 takes HOW long?","{""balance"":14250,""apr"":20,""min_pct"":1,""min_floor"":25}"
554,extra_payment,"$3,250 credit card debt at 17% APR? Do this","{""balance"":3250,""apr"":17,""payment"":110,""extra"":50}"
555,snowball_vs_avalanche,"Smallest balance first or highest APR first? $40,000 test","{""debts"":[{""name"":""Personal loan"",""balance"":14000,""apr"":24,""min"":350},{""name"":""Card B"",""balance"":3600,""apr"":18,""min"":90},{""name"":""Card D"",""balance"":10900,""apr"":15,""min"":270},{""name"":""Card A"",""balance"":11500,""apr"":13,""min"":290}],""budget"":1500}"
556,utilization,"Pay this much before your statement closes ($5,800 on $7,500)","{""balance"":5800,""limit"":7500}"
557,min_trap,"Why your $24,000 card balance never goes down","{""balance"":24000,""apr"":17,""min_pct"":1,""min_floor"":25}"
558,extra_payment,"The $25 trick that saves months on $1,250 of debt","{""balance"":1250,""apr"":26,""payment"":50,""extra"":25}"
559,snowball_vs_avalanche,"5 debts, $35,500 total. Snowball or Avalanche?","{""debts"":[{""name"":""Personal loan"",""balance"":2000,""apr"":22,""min"":50},{""name"":""Card B"",""balance"":7800,""apr"":24,""min"":195},{""name"":""Card D"",""balance"":6600,""apr"":19,""min"":165},{""name"":""Store card"",""balance"":4500,""apr"":22,""min"":110},{""name"":""Card A"",""balance"":14600,""apr"":26,""min"":365}],""budget"":1485}"
560,utilization,"Pay this much before your statement closes ($2,650 on $3,000)","{""balance"":2650,""limit"":3000}"
561,min_trap,"What the minimum payment really costs on $21,750","{""balance"":21750,""apr"":26,""min_pct"":1,""min_floor"":25}"
562,extra_payment,"How $150 extra per month kills $32,000 of debt faster","{""balance"":32000,""apr"":18,""payment"":900,""extra"":150}"
563,snowball_vs_avalanche,"Debt Snowball vs Avalanche: the real numbers on $2,200","{""debts"":[{""name"":""Personal loan"",""balance"":900,""apr"":16,""min"":25},{""name"":""Card A"",""balance"":1300,""apr"":13,""min"":30}],""budget"":205}"
564,utilization,"Your $1,750 balance on a $2,000 limit is hurting your score","{""balance"":1750,""limit"":2000}"
565,min_trap,"$17,500 at 19% APR, minimum payments only. Brutal math","{""balance"":17500,""apr"":19,""min_pct"":1,""min_floor"":25}"
566,extra_payment,"$38,000 credit card debt at 15% APR? Do this","{""balance"":38000,""apr"":15,""payment"":1150,""extra"":300}"
567,snowball_vs_avalanche,"Smallest balance first or highest APR first? $15,900 test","{""debts"":[{""name"":""Card A"",""balance"":3400,""apr"":26,""min"":85},{""name"":""Store card"",""balance"":12500,""apr"":23,""min"":310}],""budget"":995}"
568,utilization,"Pay this much before your statement closes ($8,200 on $10,000)","{""balance"":8200,""limit"":10000}"
569,min_trap,"$5,750 at 26% APR, minimum payments only. Brutal math","{""balance"":5750,""apr"":26,""min_pct"":1,""min_floor"":25}"
570,extra_payment,"Add $50 a month to a $15,500 balance. Watch what happens","{""balance"":15500,""apr"":17,""payment"":620,""extra"":50}"
571,snowball_vs_avalanche,"5 debts, $31,000 total. Snowball or Avalanche?","{""debts"":[{""name"":""Card A"",""balance"":5300,""apr"":21,""min"":130},{""name"":""Store card"",""balance"":3700,""apr"":28,""min"":90},{""name"":""Card B"",""balance"":7400,""apr"":29,""min"":185},{""name"":""Card D"",""balance"":12400,""apr"":12,""min"":310},{""name"":""Card C"",""balance"":2200,""apr"":23,""min"":55}],""budget"":1070}"
572,utilization,"Pay this much before your statement closes ($11,100 on $15,000)","{""balance"":11100,""limit"":15000}"
573,min_trap,"The minimum payment trap on $6,750 of credit card debt","{""balance"":6750,""apr"":15,""min_pct"":1,""min_floor"":25}"
574,extra_payment,"How $250 extra per month kills $19,750 of debt faster","{""balance"":19750,""apr"":27,""payment"":770,""extra"":250}"
575,snowball_vs_avalanche,"4 debts, $38,300 total. Snowball or Avalanche?","{""debts"":[{""name"":""Card A"",""balance"":12100,""apr"":26,""min"":300},{""name"":""Personal loan"",""balance"":7600,""apr"":21,""min"":190},{""name"":""Store card"",""balance"":13500,""apr"":18,""min"":340},{""name"":""Card C"",""balance"":5100,""apr"":14,""min"":130}],""budget"":1060}"
576,utilization,"Your $6,900 balance on a $10,000 limit is hurting your score","{""balance"":6900,""limit"":10000}"
577,min_trap,"$16,000 at 18% APR, minimum payments only. Brutal math","{""balance"":16000,""apr"":18,""min_pct"":1,""min_floor"":25}"
578,extra_payment,"The $100 trick that saves months on $43,500 of debt","{""balance"":43500,""apr"":21,""payment"":1630,""extra"":100}"
579,snowball_vs_avalanche,"Snowball vs Avalanche on $38,200. Which wins?","{""debts"":[{""name"":""Card C"",""balance"":8300,""apr"":14,""min"":210},{""name"":""Store card"",""balance"":11500,""apr"":13,""min"":290},{""name"":""Card A"",""balance"":10700,""apr"":14,""min"":270},{""name"":""Card B"",""balance"":5700,""apr"":28,""min"":140},{""name"":""Card D"",""balance"":2000,""apr"":21,""min"":50}],""budget"":1360}"
580,utilization,"Your $3,000 balance on a $5,000 limit is hurting your score","{""balance"":3000,""limit"":5000}"
581,min_trap,"$12,500 at 23% APR, minimum payments only. Brutal math","{""balance"":12500,""apr"":23,""min_pct"":1,""min_floor"":25}"
582,extra_payment,"How $150 extra per month kills $7,750 of debt faster","{""balance"":7750,""apr"":21,""payment"":290,""extra"":150}"
583,snowball_vs_avalanche,"Smallest balance first or highest APR first? $11,600 test","{""debts"":[{""name"":""Store card"",""balance"":8500,""apr"":29,""min"":210},{""name"":""Card D"",""balance"":2500,""apr"":13,""min"":60},{""name"":""Card A"",""balance"":600,""apr"":24,""min"":25}],""budget"":695}"
584,utilization,82% credit utilization? Here is the fix,"{""balance"":16400,""limit"":20000}"
585,min_trap,"What the minimum payment really costs on $6,000","{""balance"":6000,""apr"":29,""min_pct"":1,""min_floor"":25}"
586,extra_payment,"Add $150 a month to a $8,000 balance. Watch what happens","{""balance"":8000,""apr"":17,""payment"":230,""extra"":150}"
587,snowball_vs_avalanche,"Debt Snowball vs Avalanche: the real numbers on $20,100","{""debts"":[{""name"":""Card B"",""balance"":12900,""apr"":29,""min"":320},{""name"":""Personal loan"",""balance"":7200,""apr"":29,""min"":180}],""budget"":600}"
588,utilization,39% credit utilization? Here is the fix,"{""balance"":5850,""limit"":15000}"
589,min_trap,"What the minimum payment really costs on $3,250","{""balance"":3250,""apr"":26,""min_pct"":1,""min_floor"":25}"
590,extra_payment,"$24,750 credit card debt at 20% APR? Do this","{""balance"":24750,""apr"":20,""payment"":750,""extra"":100}"
591,snowball_vs_avalanche,"Debt Snowball vs Avalanche: the real numbers on $36,200","{""debts"":[{""name"":""Personal loan"",""balance"":7500,""apr"":22,""min"":190},{""name"":""Card A"",""balance"":9400,""apr"":21,""min"":235},{""name"":""Card B"",""balance"":10600,""apr"":16,""min"":265},{""name"":""Card C"",""balance"":8700,""apr"":23,""min"":220}],""budget"":1510}"
592,utilization,"Your $2,250 balance on a $5,000 limit is hurting your score","{""balance"":2250,""limit"":5000}"
593,min_trap,"$8,500 at 27% APR, minimum payments only. Brutal math","{""balance"":8500,""apr"":27,""min_pct"":1,""min_floor"":25}"
594,extra_payment,"Add $200 a month to a $36,000 balance. Watch what happens","{""balance"":36000,""apr"":25,""payment"":1140,""extra"":200}"
595,snowball_vs_avalanche,"4 debts, $42,800 total. Snowball or Avalanche?","{""debts"":[{""name"":""Card C"",""balance"":11700,""apr"":27,""min"":290},{""name"":""Card D"",""balance"":8500,""apr"":17,""min"":210},{""name"":""Personal loan"",""balance"":9900,""apr"":14,""min"":250},{""name"":""Card B"",""balance"":12700,""apr"":16,""min"":320}],""budget"":1470}"
596,utilization,"Your $2,450 balance on a $3,000 limit is hurting your score","{""balance"":2450,""limit"":3000}"
597,min_trap,"Paying only the minimum on $21,500 takes HOW long?","{""balance"":21500,""apr"":25,""min_pct"":1,""min_floor"":25}"
598,extra_payment,"Add $500 a month to a $40,750 balance. Watch what happens","{""balance"":40750,""apr"":24,""payment"":1270,""extra"":500}"
599,snowball_vs_avalanche,"Smallest balance first or highest APR first? $16,800 test","{""debts"":[{""name"":""Personal loan"",""balance"":7200,""apr"":28,""min"":180},{""name"":""Store card"",""balance"":1800,""apr"":23,""min"":45},{""name"":""Card B"",""balance"":7800,""apr"":19,""min"":195}],""budget"":1020}"
600,utilization,"Pay this much before your statement closes ($6,750 on $15,000)","{""balance"":6750,""limit"":15000}"
